VehicleID,Amount (Million Naira)
VHL18518,8.715219680522296
VHL17149,11.650167737703669
VHL10927,-1.4437365511766984
VHL12909,9.500854714735851
VHL12348,14.139978769846493
VHL10798,23.153227726313162
VHL11022,-6.457193189114605
VHL12206,10.210322897127298
VHL11697,26.285851940799603
VHL12313,13.72288876707853
VHL13411,27.7531721217415
VHL14334,-2.9644543823901586
VHL14302,17.230393494201962
VHL13979,2.653859166383427
VHL12272,-7.363765325759687
VHL15071,22.194537344477794
VHL19166,2.5631588612595806
VHL10471,3.40769703130627
VHL18431,8.351020740789863
VHL12325,11.930445292298373
VHL15657,7.866494409708139
VHL13667,23.490165605268885
VHL18913,8.841271900611446
VHL13273,3.4654536894381636
VHL16576,-13.752889141656851
VHL15506,2.4608916295651397
VHL10460,46.19368278991715
VHL16050,1.6379843051176977
VHL17918,18.812586566401478
VHL12992,14.65310565047821
VHL10261,9.113412418896132
VHL18348,17.66337548588035
VHL11577,16.280948089871345
VHL16957,-1.5177387308922334
VHL16165,26.956158850128304
VHL11441,0.9082285196545854
VHL19990,-4.159853140738505
VHL14072,0.022287922024133877
VHL13637,-12.853890575142032
VHL10757,7.079559408705336
VHL12657,13.923033592687716
VHL19939,20.169014577877533
VHL12094,16.3937061715651
VHL17177,-0.8170437495218721
VHL16720,17.293986031509576
VHL11478,32.09268087950886
VHL14386,21.295006861152615
VHL11341,25.759231637611265
VHL18683,23.24906228564805
VHL13430,21.06045859796177
VHL18932,-4.92092759972229
VHL17505,9.777016671830552
VHL16272,2.624807000792316
VHL14777,9.027476858950195
VHL13186,14.702346618229967
VHL19383,-12.559687922796002
VHL14605,15.991983690078996
VHL11440,21.160975322253762
VHL14303,18.089949343364424
VHL19478,9.631383624938735
VHL17837,0.1482197792597617
VHL12824,6.765298203850762
VHL17476,5.940382620926357
VHL18988,-7.012794779210253
VHL19482,9.189484050279134
VHL13263,7.601103492077073
VHL17078,19.30447126739182
VHL19170,9.383066010096627
VHL18070,-10.004582968619161
VHL18061,26.368686769139458
VHL10726,-2.1741812994064276
VHL19212,7.5970195562008485
VHL13283,-5.204823512257917
VHL14023,17.53481150696325
VHL16973,35.29559890876408
VHL19653,18.309201007420143
VHL18605,21.5974540704874
VHL13287,15.689486072585623
VHL15719,-12.10372731700636
VHL19636,17.21638201345877
VHL11009,11.567592532663184
VHL18087,12.801266814972678
VHL14422,13.52006844731477
VHL15789,25.884606646821794
VHL12369,9.51625468712382
VHL15812,3.3207064606258427
VHL18767,48.15467673322655
VHL19271,28.896020545776537
VHL17403,4.897986790740106
VHL12967,6.314408083926992
VHL19998,13.088634978732898
VHL12336,9.66921516788716
VHL10328,-6.471552979893204
VHL18908,-6.202671225080849
VHL11127,18.40013238948086
VHL12655,25.156026565122374
VHL19086,47.24248739175664
VHL10384,29.241578949960513
VHL15712,22.4044104631339
VHL11054,26.1454729640368
VHL16505,15.844526897664764
VHL10534,-6.07775748995482
VHL14120,4.45355487778852
VHL10206,14.208227060496483
VHL13595,17.939966083304625
VHL15887,6.724310395969042
VHL12672,6.05405164702961
VHL19770,5.1410412887203165
VHL13026,23.23361424906352
VHL12635,12.76783134578909
VHL14014,7.439167421840921
VHL19238,3.1471750015707585
VHL18156,10.247430143627298
VHL13087,17.88308420772819
VHL13743,-10.356245638191922
VHL19323,42.955776073565175
VHL16129,15.198342645232515
VHL17626,2.288259178910266
VHL14525,-9.313064442570976
VHL15597,39.66511093090912
VHL19429,12.982631256587865
VHL14074,20.653826699718593
VHL17422,46.51272615170819
VHL11861,23.039853803607002
VHL19828,24.175738608139454
VHL14000,1.734744013026102
VHL12312,6.713156099203388
VHL16257,-8.147620974053552
VHL14859,4.853883218762348
VHL16048,-4.875106339611193
VHL14039,-3.2567976803675265
VHL10296,-5.313995145570516
VHL14949,-8.3987277136398
VHL17034,27.014874073627652
VHL17149,25.34628644031045
VHL19677,9.196538625649737
VHL14433,4.621607427062827
VHL16582,15.299027466830921
VHL10059,23.239489792244967
VHL17140,23.335625730813263
VHL10364,7.157310605497969
VHL16932,4.40787629966826
VHL18587,22.043065828851923
VHL13635,-13.28839026327887
VHL18371,22.611553069711135
VHL19622,16.067943259321055
VHL18669,25.624324571350826
VHL17359,-6.977218670422644
VHL19788,17.532810701682138
VHL19078,19.509878831144306
VHL12673,7.486964725522284
VHL17895,-8.9027300821067
VHL18950,27.18697643580981
VHL13562,25.719876553530412
VHL11306,29.115091164066143
VHL15496,4.921381096117784
VHL11927,21.64209269854973
VHL10392,27.842385711479437
VHL14124,-1.6137052746798872
VHL12586,7.589763956176284
VHL12895,1.7755601135118013
VHL18481,4.791407149690713
VHL11310,-2.563761749096102
VHL15810,5.408066137541482
VHL16037,9.751528387364942
VHL19627,29.69525331798468
VHL11152,12.977887760643625
VHL17698,28.006699277796088
VHL19815,40.109024011740985
VHL18192,0.8481299509949167
VHL19720,5.883540896799332
VHL11686,15.737896848007495
VHL18649,10.802528905519921
VHL12765,13.801348021050671
VHL10026,27.159687292771196
VHL11001,18.3894154771815
VHL13433,24.9260571081154
VHL17827,-2.3080043825689245
VHL12344,3.879658112625293
VHL17308,33.954522063521836
VHL18722,-4.248062169901914
VHL17199,13.49488892999625
VHL15338,-2.5902807293668957
VHL16946,15.257476877692625
VHL11039,-8.940673636268457
VHL18017,24.600418779549727
VHL15945,20.42400140345717
VHL14724,5.948715724137855
VHL15314,28.543462416089824
VHL14276,10.902593949208494
VHL17883,2.2805595798813556
VHL14385,30.287122503643786
VHL18665,-7.098519332790602
VHL15936,33.6543291167427
VHL19518,8.491788354769596
VHL13530,1.3109344737199535
VHL17861,-16.494950507698377
VHL10966,26.05824286644247
VHL11652,12.702666066549227
VHL16641,30.957876980435685
VHL12017,14.418346060263502
VHL14856,8.792363169133296
VHL16801,3.3512217291986417
VHL16814,28.203039615409125
VHL13748,1.6849473693655455
VHL13104,27.630287332693115
VHL10022,28.36087333847945
VHL14787,9.414702113164822
VHL19015,12.027747633856052
VHL11089,14.871324842873946
VHL13873,6.1751121654619965
VHL15486,24.602102367253337
VHL13253,-9.525480116158178
VHL15232,-4.530590480816045
VHL18914,21.21974119246397
VHL14922,4.815488485210608
VHL14541,3.536576690779384
VHL15820,20.741718996928284
VHL10710,7.395504227982656
VHL11752,-2.635869834825371
VHL13868,8.787443572390202
VHL17442,28.489007356808088
VHL14571,20.451586119701005
VHL17155,6.88218687504741
VHL11093,12.76151155599291
VHL18280,5.998833837418715
VHL18425,8.923526036856856
VHL10175,-7.251238318065589
VHL15307,15.214169679690258
VHL18062,9.867548589100807
VHL18972,-1.3089405270184216
VHL11185,18.126545569070913
VHL10343,14.798168748398894
VHL10450,5.939965417658641
VHL19621,7.247592477052876
VHL14502,7.305204214107562
VHL12768,6.714671641451332
VHL19922,16.3069871130474
VHL10824,8.71957109164532
VHL16646,19.857800964188755
VHL15462,8.717043125915552
VHL15801,14.349934357456277
VHL10322,14.777697088532477
VHL15613,-6.045884292400842
VHL17756,5.009487708274719
VHL16186,22.449458082519868
VHL19061,0.3835702308842883
VHL13446,24.297152958958122
VHL10599,18.219933915832826
VHL18255,18.905121131671876
VHL17948,24.778784009895844
VHL17616,-24.33337746815687
VHL17664,32.62718283486447
VHL18299,8.473115884409708
VHL18959,19.47271521811672
VHL10473,17.532810701682138
VHL17271,25.314426015433583
VHL19798,9.759824185694015
VHL17935,31.478067534165802
VHL10245,25.819789380449947
VHL15041,4.622124181115396
VHL15001,14.899790059049337
VHL16287,-12.614592115312007
VHL13974,32.103271100450456
VHL15764,19.093896206999034
VHL18888,2.548745021083505
VHL14882,24.42457827269982
VHL19424,2.88122183700807
VHL13785,47.78162606223441
VHL10783,17.467975772161935
VHL19808,3.966782988448813
VHL18890,17.293986031509576
VHL13440,2.340142203388041
VHL13285,18.23086778642346
VHL18805,27.180723754020164
VHL18550,-2.402477719806029
VHL10061,9.130381927904182
VHL18522,29.84447003296873
VHL16813,7.247553982374029
VHL11036,20.40307661556244
VHL12107,32.26137582275942
VHL17826,27.180327312094505
VHL14449,-9.28914571809355
VHL14938,-0.532980394571041
VHL14098,24.077994207977554
VHL19241,1.6691977852215132
VHL17856,6.291653148402929
VHL18900,6.490554895120567
VHL11133,18.419978314784657
VHL11687,21.503272856944932
VHL12719,-7.035748288144077
VHL15531,-2.541869665708873
VHL17329,46.67612020062552
VHL16806,-18.09625116954294
VHL11582,-8.141943813129728
VHL16362,1.418696187322439
VHL11119,8.286068921897368
VHL13806,27.85626871489967
VHL11733,-15.940008876828415
VHL18959,45.52556797474517
VHL17287,-0.13208548822512967
VHL11709,7.162865995435823
VHL19793,2.502714881056363
VHL19880,0.6877572112248345
VHL19964,24.660865205411028
VHL12784,18.888495010503902
VHL17371,15.556591901084175
VHL12439,-13.74373848238156
VHL16652,12.286168279448702
VHL17836,23.557294870169244
VHL16597,23.46616940256672
VHL18707,17.230393494201962
VHL16683,16.072715705543942
VHL15365,-2.0001260235676455
VHL13507,5.614659115862651
VHL14459,26.12346125682916
VHL19300,0.11693736935558263
VHL18418,4.407063498754269
VHL15350,6.0777693459094735
VHL15927,4.870667554618649
VHL12985,25.098646629656287
VHL10426,43.84596157690976
VHL10506,11.478621930422378
VHL11042,26.860123945401483
VHL18043,2.4832784588229515
VHL16258,18.632388180132693
VHL19326,8.99507047533234
VHL15424,20.364706705609933
VHL19014,13.670454371058895
VHL11310,10.365935905633705
VHL12927,2.503252341012285
VHL10082,10.86478446960291
VHL10068,18.49031881481642
VHL13660,3.1624135926540475
VHL18810,12.620144530955258
VHL17666,32.799808484776804
VHL18022,6.7133593088806265
VHL11237,21.41369061431442
VHL17240,23.504417987561283
VHL13512,13.262844232117459
VHL10596,35.641839821871145
VHL10073,27.09151197672645
VHL13719,-5.816793676207453
VHL10077,-18.71317101561999
VHL13151,-0.03173084371519508
VHL12499,11.682300870061681
VHL18832,25.292718679156224
VHL16790,14.85946207722327
VHL13880,31.392238894671664
VHL19448,8.829527029479777
VHL15860,4.197377906499696
VHL14538,8.442279423247783
VHL16505,8.724135253980421
VHL11544,26.43238016333953
VHL19830,16.68984569838085
VHL10194,9.501998779315727
VHL15744,0.08418353600427508
VHL10957,13.572793065228325
VHL12568,-3.666406759331494
VHL19448,18.075906043336545
VHL14417,-13.252352012440952
VHL10368,22.693027218696443
VHL10806,-0.7348927131074561
VHL17414,14.086065020367187
VHL14892,-3.0767652805043326
VHL17933,17.02894908754115
VHL15852,23.073312570344115
VHL10505,25.694043762387537
VHL18345,28.320272489169383
VHL13294,11.044426151310745
VHL18253,18.357020098352677
VHL17152,13.28859562289017
VHL12883,39.86897949275226
VHL16101,17.245337844130972
VHL15563,17.367158422118337
VHL10313,8.14836889950493
VHL18291,-18.91504997097809
VHL13553,15.891585770179518
VHL11440,1.0620549860855135
VHL15887,21.19965324023633
VHL17489,21.98248346204673
VHL16271,10.613966853241436
VHL15007,28.582202063923887
VHL15329,17.48808957103347
VHL13826,2.4131266829431297
VHL11568,9.05107005798618
VHL13578,6.776465141005701
VHL16302,-8.461613439600114
VHL12677,8.621511711040966
VHL18866,-0.7696892693525115
VHL11976,8.797028711918301
VHL17817,32.22800464208876
VHL16893,7.749615786456161
VHL11075,-13.996320600115723
VHL14865,22.191117330949965
VHL13535,9.381100212282945
VHL16299,27.586234407160646
VHL19327,-8.498938592487775
VHL10055,6.047222202888406
VHL14258,8.421881416060842
VHL11527,-1.0462496926729727
VHL17682,-7.930365175796396
VHL10073,-9.347937662975255
VHL14599,26.462352056090367
VHL15495,1.947331975742145
VHL13387,-1.2378995718686383
VHL19505,5.89779672086388
VHL16307,-1.1691950022973288
VHL11034,40.637723436741
VHL13625,6.703595437502827
VHL19623,7.687103156319154
VHL10838,-2.6876471458112974
VHL11711,10.78278926896428
VHL14148,10.949139245091828
VHL15745,-8.606522111673712
VHL15705,2.521571116621999
VHL14767,24.49912140295146
VHL10108,3.0308016055419102
VHL17818,-1.5952073734492842
VHL18324,9.87706686949332
VHL19741,21.07951065330417
VHL11815,14.91771477762768
VHL18939,17.259603360957044
VHL18042,-9.395645727176998
VHL13176,-7.622809085873996
VHL16859,9.684774087497317
VHL14405,-0.9543521738119125
VHL14751,20.870943272853765
VHL18416,1.69275312278387
VHL13952,13.28859562289017
VHL14726,3.264956802585857
VHL11889,13.72288876707853
VHL12851,24.737183935811117
VHL12862,10.990802793822695
VHL14262,4.140058959754697
VHL13520,8.922215844755556
VHL14967,3.1616457732270646
VHL14728,3.8319591092003975
VHL15340,16.345133757181884
VHL14760,7.3211238966810015
VHL18498,-2.812401568966834
VHL18440,6.181064623014208
VHL18477,15.515711027337602
VHL16456,10.834644225164539
VHL19596,-4.002058521912659
VHL19616,20.60015294816094
VHL12885,25.450261142728323
VHL13080,-14.134162331039079
VHL10988,16.905122223397484
VHL16251,-1.8186924369310873
VHL16941,14.16734341234951
VHL19708,15.625136868156005
VHL13116,27.314730602819964
VHL17823,7.486278036682506
VHL14587,16.452736933365486
VHL16807,4.2353298770508445
VHL15706,8.279309164712231
VHL19568,17.152176784506082
VHL12877,28.24147075028077
VHL16412,-13.22884754024335
VHL18036,39.938288517367255
VHL16860,19.86200236476543
VHL14755,-3.0239495838459334
VHL19234,24.950108638635356
VHL13272,-5.498082439615246
VHL16892,-4.875005083121778
VHL17413,22.234004475179518
VHL18817,-6.106455021474176
VHL11681,12.86499825453393
VHL10192,28.02919400935525
VHL16374,13.84941022307612
VHL17630,13.918945943966719
VHL15610,-10.006414485389087
VHL11364,3.1304848396121088
VHL13136,21.750606680103374
VHL10038,11.093978163413794
VHL12580,14.249144897714814
VHL14253,4.088055288616033
VHL17421,28.314979430743733
VHL15458,-6.0983753797522695
VHL12574,11.162584952741781
VHL14109,16.110221574907428
VHL15943,8.607380969817314
VHL17404,2.486267967467029
VHL14940,20.593474266134308
VHL16625,22.30889640560099
VHL12066,1.898807042592125
VHL12899,5.106856905724726
VHL11652,12.276496495830543
VHL17554,46.83628999852135
VHL11567,11.433946628337708
VHL10163,6.861049707812981
VHL10355,17.854174892427636
VHL12041,0.10823335134546141
VHL13416,17.04062505251204
VHL15974,-13.020847505850725
VHL12082,3.106052853887377
VHL12319,-4.136568655908377
VHL12556,5.915251401580463
VHL18675,7.4775512344176605
VHL13381,-4.009504735685368
VHL14325,46.21270751914017
VHL15875,11.267228410871212
VHL10638,4.782598853856143
VHL10544,12.562465639160564
VHL11654,0.1328754484447927
VHL14423,-9.084391698846048
VHL14569,15.430187418691276
VHL15007,-10.417737660108287
VHL18221,19.213063217525814
VHL10785,-5.526642421731594
VHL16546,10.610468383809348
VHL19173,13.754822197395242
VHL11731,16.40568186565588
VHL18180,3.654455878735007
VHL19452,5.749872952426358
VHL16163,14.820346786984828
VHL14877,5.6606676832352605
VHL10102,44.74944590384666
VHL16046,23.323865938696144
VHL13684,25.118467382650124
VHL18749,46.23073243504177
VHL15304,18.396551580061896
VHL10117,31.540738517375303
VHL19957,-10.992014759228368
VHL19132,-32.865023706121974
VHL15383,15.460089672307276
VHL10136,22.018649566592103
VHL17919,0.6662539702024333
VHL11444,-5.919523482683871
VHL18795,19.412300727543425
VHL12062,13.136575294457998
VHL15890,13.079698223196829
VHL17372,31.742772607601182
VHL12038,16.87407633641351
VHL19368,-8.489757609035223
VHL10476,4.530146502448133
VHL14079,-2.2560514760589285
VHL10401,8.178610533077517
VHL12810,34.27481729892952
VHL19466,-10.421009576840333
VHL15757,9.123339145750379
VHL15894,-3.5990349551789222
VHL18056,14.524363966025703
VHL16634,4.374957786076266
VHL16608,5.998833837418715
VHL19831,5.714520212864954
VHL13863,18.244628388046294
VHL11159,3.297206464435021
VHL15412,9.764323551827601
VHL10730,-0.14728204902985453
VHL17248,-1.1793011826312068
VHL16421,19.67568202468192
VHL11328,8.758528696539088
VHL18439,21.18140214020923
VHL12340,15.151328259688398
VHL10461,4.558809916431528
VHL15024,5.8303824208028345
VHL11850,26.005425493411167
VHL16423,25.45536196801504
VHL16427,20.190160362624738
VHL13444,-6.390381054727186
VHL16609,-6.018188710741015
VHL11522,22.449863805979476
VHL11433,27.702434875529434
VHL15853,-8.682987981058432
VHL14168,9.651968931339525
VHL19004,15.357900751786474
VHL10827,32.430010973105254
VHL19998,5.006159441756154
VHL14997,0.5809796948506118
VHL15827,14.239941560872921
VHL18844,-2.1112719243360516
VHL10076,13.470002156127066
VHL16342,-1.2122852670877364
VHL19420,9.029462351189522
VHL12762,-0.9137541814739052
VHL16916,-5.5949084345083975
VHL10660,5.743378472063341
VHL18142,21.598566947098334
VHL13721,0.3612864446204185
VHL18101,9.000851879496622
VHL11732,-6.581570208995345
VHL14351,1.9722375041887972
VHL16617,5.069938088780873
VHL13840,7.856367503759884
VHL10596,3.0945965180171697
VHL19148,-8.257477153267246
VHL16845,17.349691832873305
VHL17262,14.38968803904254
VHL17801,12.317759390985884
VHL18039,22.330424399850017
VHL15369,14.282675178614681
VHL14483,0.3027026838067286
VHL19700,18.684913752038483
VHL15877,22.18635781546709
VHL15552,16.908311604845494
VHL18756,19.10793454159375
VHL10301,21.08808117380613
VHL17678,5.803565233351492
VHL17604,-8.34194434232677
VHL17969,46.14150806727548
VHL17089,17.277701035885002
VHL13239,40.66788454333209
VHL12466,11.64992950231408
VHL16020,21.932281990156298
VHL15014,11.466562163712297
VHL13302,8.565111785324916
VHL17986,7.798001634979755
VHL14724,13.825063792735818
VHL15147,2.3205132030698223
VHL15325,10.221506675075943
VHL16131,11.004898687605873
VHL14868,2.813023613286532
VHL15382,24.441076134126888
VHL12164,9.759824185694015
VHL11723,2.440351679133528
VHL14888,4.683685248082384
VHL17997,4.8639654396133665
VHL11576,10.074344026988001
VHL16048,4.826909165781217
VHL17795,8.813328272945455
VHL15642,2.8961677531297028
VHL13953,9.126020561410314
VHL10189,23.08431329660789
VHL13338,5.010846989154288
VHL19247,45.70658030676623
VHL16429,25.09904992092106
VHL10272,-1.692317893836389
VHL12716,9.303835832643472
VHL12652,23.891777846226887
VHL13545,25.25743735000924
VHL11323,10.604417175238268
VHL15121,24.833513967085764
VHL17568,24.889318312529667
VHL11886,9.600629530209062
VHL17402,21.296554119544908
VHL10243,6.431333181964419
VHL13407,3.3087096026124527
VHL12149,-5.987666922811513
VHL11037,15.553240119646489
VHL17924,13.78741341488103
VHL12180,22.783939612872928
VHL14683,9.74659817178599
VHL18920,7.709100732942716
VHL12024,2.2345073343508375
VHL13968,45.84364547547557
VHL11079,-10.065692238534211
VHL14355,-9.946949978968405
VHL11824,-7.248186900296332
VHL19942,3.2582396682846593
VHL12917,27.626555485910103
VHL15326,38.981609263581504
VHL13585,-0.11859048469068512
VHL12069,5.882219137027278
VHL17056,18.211961822285957
VHL10515,11.549130621148834
VHL16435,-0.6723003011015862
VHL17564,-10.902198806150864
VHL18798,3.0272132358982162
VHL10222,7.9489864066849805
VHL17645,9.144815662240944
VHL10810,-2.2660970744627775
VHL14216,5.500336177636655
VHL13799,4.4350119099008225
VHL19965,7.03099170699852
VHL18568,15.378413087984427
VHL17957,4.945364547561439
VHL11023,9.941058334731679
VHL17797,4.3355253355007335
VHL16174,15.514378493912773
VHL15112,-0.48054563883079027
VHL10167,8.373584760327958
VHL18749,3.7290323194479242
VHL16276,9.707177992907418
VHL15593,26.567961357829518
VHL18474,11.922594721369478
VHL13000,6.718907034517997
VHL10796,18.425092474990834
VHL16443,38.96017974997994
VHL13954,13.625760586815886
VHL12761,18.908434087074056
VHL17916,12.169714370575093
VHL13145,19.372305974512983
VHL19331,24.989120778464894
VHL15623,19.513671946794602
VHL13922,23.98054992716561
VHL11222,11.051379288782755
VHL15425,17.289214057604113
VHL19072,-1.7129081940124706
VHL18649,14.247980742082746
VHL14730,-16.27857647734345
VHL12512,25.47365003214736
VHL18486,-11.163456933359157
VHL13182,14.848881050354066
VHL19735,12.920537263081314
VHL13370,29.83426883567654
VHL15038,25.759231637611265
VHL13034,11.871919192996302
VHL16581,21.458415336579492
VHL12113,20.069613340518572
VHL16914,19.683053411078618
VHL18231,20.257703370475156
VHL14192,7.459430763912678
VHL10404,5.443472559424208
VHL10084,16.045708733972788
VHL13855,28.930866838085876
VHL14027,0.2979034808408869
VHL16209,9.000529896349235
VHL11144,38.58805607458589
VHL18646,8.646512669360163
VHL16431,10.111735812710776
VHL16873,2.5781934100568833
VHL19594,15.887944120304383
VHL18630,10.460321102845228
VHL17288,10.263663692585396
VHL13113,14.372954221989403
VHL18865,20.942615994158587
VHL18260,9.059471347559793
VHL13198,1.4744438032271319
VHL11475,1.7786121452922998
VHL18584,22.848723107732894
VHL14768,30.784293811111183
VHL16073,7.570985046901114
VHL15742,8.461294865991931
VHL18879,-6.7317076830581755
VHL12038,10.775944591855477
VHL19728,22.57293598001388
VHL17986,-11.016848935088092
VHL18819,-6.451675819394495
VHL12225,-11.755662941752234
VHL19157,10.186660818862492
VHL19615,8.391806594916488
VHL17175,3.9513957362401015
VHL13050,19.945084705764657
VHL13123,-9.02293744307417
VHL16065,-7.481317539453812
VHL12484,-3.8572923690599055
VHL11338,20.809041231787432
VHL17289,2.6457241336752304
VHL15447,2.4354971125080738
VHL18803,10.905922808491141
VHL18294,7.881160691855712
VHL15133,3.27287166439919
VHL10657,0.3777912701675632
VHL10619,11.36441013456988
VHL17912,26.885462156276844
VHL18164,10.996600888064222
VHL14504,2.9281173956069324
VHL18885,15.224460308372272
VHL10118,11.921997903246393
VHL17852,6.910379268506404
VHL18834,19.180389149805706
VHL11508,3.0436031369090415
VHL17633,-2.9656441899960555
VHL15893,9.939551922720057
VHL14089,26.82245170805345
VHL18800,37.179415387302015
VHL12314,-8.580669232514992
VHL18047,20.676738287727858
VHL11118,8.410625551759495
VHL17922,12.394341371915289
VHL17121,-4.667140119220676
VHL13960,10.561801608249425
VHL15350,14.83636837732547
VHL17939,7.078256365516154
VHL11888,7.096131820354458
VHL17044,3.8569903165680444
VHL10290,33.03260877542834
VHL19497,19.45951465072585
VHL17807,18.112180933599575
VHL11467,46.048066104836835
VHL14703,26.612389046237695
VHL17518,7.940337169191025
VHL19578,-4.518647455152404
VHL10425,21.300963498257715
VHL11304,-6.916181184666584
VHL10086,11.673055669060432
VHL19512,-0.05245322907285299
VHL13350,8.394023960734557
VHL12694,45.51219705728545
VHL12838,37.68778038461005
VHL16255,-8.676229560439424
VHL15196,25.885372224570347
VHL16844,16.818981555832124
VHL10977,13.603629815935165
VHL18145,14.631644130572568
VHL12297,-4.597404953691694
VHL15274,16.279342761541102
VHL15478,19.12515451918125
VHL16940,0.612902182063408
VHL14407,-5.363357815987001
VHL19544,13.495392512133549
VHL10519,30.58422306422608
VHL16928,-12.519341526706285
VHL11692,1.2103056998826105
VHL15180,11.791875034663462
VHL19040,6.714415014799215
VHL11628,7.307250353527252
VHL19845,1.833768228187182
VHL16574,42.51688999962698
VHL14807,10.672089977626456
VHL11188,17.91332047355354
VHL18077,27.975414094997177
VHL14836,9.204559354390767
VHL13406,7.22779282908823
VHL18365,-11.302919415895758
VHL18328,0.29725065578213616
VHL14695,1.4568823364056698
VHL12724,18.193901300729067
VHL10202,-0.2529236922546261
VHL12815,2.27905896918719
VHL12630,12.985623235321782
VHL14283,22.423713076574586
VHL18698,3.6420550674351944
VHL10141,1.199737764564361
VHL16204,11.99502291855606
VHL11310,20.342490366079346
VHL18878,9.594333304039083
VHL19310,16.094464387723747
VHL18219,9.120603791758185
VHL13108,9.880876222895495
VHL14070,28.25436918636342
VHL16891,-3.7727562380164272
VHL10398,6.769607811800597
VHL12755,6.548357798147208
VHL12995,3.825075691489019
VHL12158,2.6634483279044616
VHL17814,32.05528378614508
VHL15098,-15.355819317281657
VHL13066,23.873442447515572
VHL13362,4.3702673143384345
VHL13443,-15.32815510602768
VHL18173,-4.685892484193573
VHL16277,25.39118601591599
VHL17380,5.911660940481852
VHL18129,5.5864468791487525
VHL11891,-8.107470283017847
VHL11042,13.989385203921756
VHL16137,13.834655160658258
VHL13400,-5.973571808322049
VHL19399,21.723059686462875
VHL16723,3.5327718601938614
VHL12416,19.881259233653964
VHL10350,-2.443143972654525
VHL13811,-0.2997915485466365
VHL13916,7.8288104532789475
VHL11857,-6.978944923094787
VHL12040,1.890907157170659
VHL10872,22.640733600004296
VHL14351,27.0340676747378
VHL18230,-0.024842243931288976
VHL14851,33.71055216225068
VHL19426,8.454939544837998
VHL12795,13.625324205449488
VHL16882,27.10721147286904
VHL15924,9.683599933395726
VHL10807,-5.201778004932294
VHL10611,6.055777616398245
VHL15296,1.7615091556695006
VHL11333,7.661355314073262
VHL18616,6.310412411747166
VHL15633,-0.5530293312640424
VHL15157,3.1481810771474557
VHL16982,-12.484852927070278
VHL13879,32.093142651300695
VHL17585,11.74331666325952
VHL13116,4.841445987719453
VHL16982,2.2500285271053144
VHL18017,14.576007328920241
VHL19155,24.198938750100297
VHL19997,-1.358146923158074
VHL19660,14.848881050354066
VHL19990,12.83348772286854
VHL13582,6.279098632504883
VHL15998,20.85375052155814
VHL13285,-13.399607439161173
VHL16586,1.2628046517666007
VHL15120,6.5180377686028805
VHL14954,14.83025916938459
VHL18066,-13.791585170132748
VHL13559,12.013058182300483
VHL14707,22.45999344969823
VHL12562,19.372134981868385
VHL15527,-2.4766990686525787
VHL12878,11.541045953400953
VHL12507,8.923694795840674
VHL14699,-10.345774262807026
VHL14730,21.573404255146215
VHL16614,8.719422672881592
VHL13024,15.499789567125845
VHL19915,15.562646999359458
VHL13101,-0.48080221424561387
VHL13052,4.046631909555799
VHL19820,43.78251914949033
VHL11562,10.097488469135442
VHL16424,14.104834242209563
VHL10876,21.12605472982159
VHL12199,11.681953440533107
VHL17320,13.804216275818362
VHL13599,-10.283513444386244
VHL15761,0.25318829152502076
VHL12114,-0.869011519961532
VHL14797,0.44807621011705123
VHL10360,28.00666712271277
VHL11344,27.554530926791813
VHL13709,-0.30083687763317357
VHL19962,17.687364302406877
VHL11021,-2.5154136385062884
VHL11988,9.591511657023148
VHL18459,2.635166637288876
VHL12547,18.041609874396272
VHL17688,23.19851789366612
VHL10267,13.067383526922185
VHL17363,24.065603939810444
VHL19946,16.128646358604783
VHL17698,15.065043142461946
VHL10234,-18.655433575461757
VHL13897,27.690245370026332
VHL13543,-1.6416934648004826
VHL11002,14.65763699432091
VHL19102,11.866473025821506
VHL17633,48.60027660383503
VHL18124,10.2418942316649
VHL16120,3.6620139767014734
VHL19186,15.919142747633487
VHL18664,14.662808302835401
VHL17083,44.26739004020237
VHL13077,15.762659325053846
VHL17267,8.6960608313575
VHL18565,24.557094339447758
VHL13814,11.313633111666604
VHL18967,18.981726373641322
VHL13503,5.584027686317313
VHL13644,-5.9213140347696935
VHL17079,-7.331024061460084
VHL15239,12.074848353593097
VHL17245,-7.4624965677408
VHL10153,48.055181300640925
VHL19693,12.514989897329542
VHL10773,3.3367891702141605
VHL11413,8.731623423559995
VHL10223,8.40901606378975
VHL18530,-7.884200308188156
VHL12551,13.527625217813238
VHL17602,6.119561603714374
VHL13375,21.135954632791254
VHL13337,27.895264654686798
VHL18551,27.171478972282785
VHL17882,3.5988077869124027
VHL17761,6.212233018504321
VHL12646,-0.2024006542847019
VHL15219,12.93591242002094
VHL14365,15.17026083668452
VHL16915,2.9657044882756054
VHL10906,0.7704348708261932
VHL13513,-4.2482554458219965
VHL14542,14.540819235030085
VHL14200,10.348354786754953
VHL18013,20.076511400828622
VHL14772,10.040125350245034
VHL13641,17.259826626383074
VHL15001,-0.8808076095151591
VHL10409,4.171417074103374
VHL12698,11.018613346016082
VHL14128,6.409078012930877
VHL10621,2.439253581923367
VHL13729,17.521668188920557
VHL16191,25.719094781061813
VHL11188,13.493703632081633
VHL14810,22.65625780612754
VHL16357,-47.091397139884975
VHL18353,6.027626388373847
VHL15843,0.6330169949865194
VHL10210,-0.07455249823124177
VHL17457,8.936072648816207
VHL11022,15.36071007726241
VHL16541,1.400127946313205
VHL17647,-4.562472062176312
VHL11229,29.73354333335692
VHL17996,-1.1377421368365503
VHL17089,-0.2703315166322682
VHL19543,17.497593773764038
VHL19715,22.76402301824146
VHL17944,13.28859562289017
VHL16820,22.374712159150477
VHL14857,22.49957928495087
VHL17512,5.015221379027935
VHL16649,21.15329956419282
VHL14838,22.156026507610022
VHL14568,3.735328948957431
VHL17525,11.624999155158548
VHL16117,16.28801637869674
VHL13135,7.663450264811672
VHL19812,7.304244354725142
VHL17027,10.786791805680423
VHL14654,4.190142097667376
VHL12420,10.496341562089128
VHL10360,14.796011986948997
VHL13629,17.747794048525066
VHL16737,18.802068823208174
VHL15446,14.155491550433453
VHL10946,0.5336118825416634
VHL13953,-15.860979380647677
VHL17303,25.689877624874953
VHL15447,-1.0795552366771517
VHL12854,12.055540691527312
VHL12567,4.6994694944805815
VHL19137,3.262798655864117
VHL19411,8.969607604552493
VHL10923,-1.6927486875792965
VHL17236,7.520199869936732
VHL19462,28.10079961746851
VHL13097,0.9198433069200291
VHL19969,5.383786274705926
VHL11860,4.630816246641189
VHL18943,7.32060046511333
VHL11672,17.453070297054637
VHL10815,9.064726202041584
VHL16245,10.57266454755245
VHL14969,22.60047507318768
VHL19652,5.3623568379157405
VHL11330,7.047350165991247
VHL19827,19.163648740073313
VHL10484,-1.0749114096488483
VHL11394,-9.432791773563622
VHL18787,32.925561497391755
VHL11803,4.752258540132971
VHL12784,23.22870212729549
VHL17216,16.26231407513069
VHL10033,13.835199135472067
VHL11776,-26.203083376719405
VHL14947,12.30325235125747
VHL17522,6.893487055146579
VHL14197,-1.465185977213423
VHL13071,0.16218677605684206
VHL17406,-4.699843349204002
VHL12174,17.419786198644942
VHL12440,-1.75416580620049
VHL12462,9.01917918784784
VHL12158,8.243946037879141
VHL14899,1.9053303281407352
VHL11281,19.947080171107245
VHL10913,19.1784021766166
VHL19630,4.000223739555622
VHL19709,4.930495987149698
VHL14819,12.030692825605001
VHL15381,-6.534188987098332
VHL14781,-3.4179304492627125
VHL18728,12.236331651159162
VHL16520,-6.099611300903689
VHL10643,41.01790501194546
VHL19438,23.937544491822337
VHL14103,-9.30724203243426
VHL19088,15.571199255595275
VHL15456,12.551441634102048
VHL16411,24.016652569001053
VHL19044,-6.124456038590779
VHL15194,23.608049711993772
VHL11490,10.458311382127704
VHL13904,6.027683665965924
VHL15148,19.985351468786575
VHL10918,12.65839315692665
VHL19119,24.892868518062187
VHL10313,12.389705148471421
VHL17176,33.24895584470778
VHL17166,3.981992238471321
VHL11166,-3.026575352046166
VHL19144,15.130912735999118
VHL17259,36.163335933737926
VHL11965,23.629593593639584
VHL13791,6.090419611060497
VHL12309,15.489648308303913
VHL18687,-6.613041756702842
VHL10199,18.845859715369443
VHL18562,11.233404053550203
VHL14042,16.395675905645476
VHL19017,9.540173618190693
VHL18805,0.05894977136540547
VHL18622,24.34127157419016
VHL14045,31.215613886553
VHL17010,4.114891341394468
VHL16993,-2.0260511494257116
VHL16050,4.003590099274334
VHL16363,-3.5402827628677187
VHL10287,-6.028208936911142
VHL19873,21.61406714349323
VHL15450,9.725353057219763
VHL14789,9.41705174711251
VHL14379,-5.561661942751471
VHL10911,5.770797243984362
VHL10449,20.861748382933456
VHL19705,20.740677959884124
VHL14766,16.310420713126405
VHL16203,18.433692973194866
VHL14855,4.641344356906757
VHL14661,48.92272568630642
VHL19859,-16.992783907386183
VHL14028,-5.155827943593977
VHL14991,-7.81426403719297
VHL15291,4.55246571129328
VHL16047,21.77001696112393
VHL12253,18.342804524530038
VHL10428,10.583788636983627
VHL15237,29.47925474740441
VHL16101,15.597660939272828
VHL16143,20.57150217483604
VHL10257,20.468094195710364
VHL16662,37.81235832927996
VHL19799,32.80231313082686
VHL14241,7.075282227041953
VHL17705,15.301256336249025
VHL17529,-5.567048823844743
VHL15191,3.8410493883775416
VHL17451,8.728050861036081
VHL17879,10.109363760363522
VHL19264,11.415023506962825
VHL19009,25.984309785819732
VHL10568,4.2692301977836
VHL19545,14.706515476119876
VHL16822,9.983332786218853
VHL10957,26.006611131041154
VHL15607,3.6748743907696735
VHL12093,46.45635364456757
VHL19096,25.475999521469475
VHL18288,8.537273983357863
VHL11310,9.231382509693958
VHL19333,13.498235242383544
VHL13823,25.461130337173472
VHL19965,1.5956210586609814
VHL16917,8.66438314193465
VHL11177,-11.161267087331453
VHL16853,30.48979821434932
VHL18554,44.74510646821045
VHL18562,26.630152875930435
VHL10753,9.992867661103446
VHL16804,9.981323255217376
VHL18774,20.192097220253345
VHL15561,12.515863954539782
VHL12265,14.373993495673403
VHL10021,12.320833000068887
VHL18216,4.2692301977836
VHL18297,44.26739004020237
VHL15781,0.48055326282246824
VHL12134,10.967714379400604
VHL12909,4.998502162541172
VHL19963,29.276914423080598
VHL16014,1.6634419995393728
VHL14675,8.676550541952565
VHL19999,-6.93750978680373
VHL15433,4.186939147004523
VHL12937,6.695949564957573
VHL11373,27.367536257542724
VHL17859,3.538129912189106
VHL10314,17.363528478963417
VHL18773,24.122131063365032
VHL16942,4.754713049967904
VHL18334,1.4200873683594182
VHL17910,0.8689698134530772
VHL18494,14.663996898621917
VHL12860,-3.450437421843162
VHL10204,24.57092170503165
VHL19924,18.268758428801448
VHL13255,3.4891041275200223
VHL12057,20.329267785069533
VHL19296,22.20183027946905
VHL10104,13.95693038788977
VHL14185,14.294208893112682
VHL15914,-4.8788513717872775
VHL11633,7.785263010153358
VHL10331,-9.394059923709392
VHL15981,10.72993450184822
VHL18376,10.573761344996
VHL14890,9.583830242709155
VHL14283,24.593195830440436
VHL15877,-9.591225935078
VHL10019,10.76805777704567
VHL10439,-0.4248823373554842
VHL18436,46.638392211049904
VHL11989,6.655359743593181
VHL19813,15.614118608875742
VHL15869,15.126022382322844
VHL13464,3.966782988448813
VHL14974,12.727500439269534
VHL13446,1.6504377462124467
VHL11326,2.782472228152983
VHL12561,-1.5460719557727316
VHL12421,11.596099634788061
VHL15061,11.273471118493035
VHL16174,12.431054457087612
VHL14500,23.31470938616576
VHL16937,18.351060411172057
VHL13576,22.988510473271617
VHL12458,7.771053275767827
VHL11965,8.970189953285626
VHL11890,0.0363291517342077
VHL14930,4.1866776794267935
VHL16445,14.787334909418405
VHL11308,25.047707739357065
VHL17652,17.800743155319196
VHL13004,26.000202419256766
VHL10262,18.882300658925942
VHL13111,-19.055735123521572
VHL13568,12.579064354114053
VHL12606,9.940880481591648
VHL15786,11.54278641601104
VHL11054,31.41966163845109
VHL15167,-1.971556607479215
VHL14716,43.120946301466574
VHL11763,7.747492610415065
VHL17885,17.082341992103466
VHL16048,19.30514170787501
VHL17032,7.304568782400565
VHL10344,14.52749290041811
VHL13463,5.56732384468296
VHL12903,7.495059938540635
VHL14551,30.064811760138127
VHL14763,10.762806853274924
VHL19270,15.739193881444862
VHL12817,21.632521437198193
VHL18354,6.1249295240891115
VHL12185,-1.1128133587385491
VHL14983,20.31566278046057
VHL15530,8.271528032491005
VHL15827,15.15495810831544
VHL14886,28.7267979836638
VHL17643,7.73595159003753
VHL16987,13.089202355097314
VHL14294,22.6273369851383
VHL16175,28.633413016255872
VHL18639,3.858926931760834
VHL13640,6.820628474611112
VHL17895,-4.753524003140228
VHL19307,-0.36056300110976736
VHL19436,-14.65370141078256
VHL19809,21.621557184430458
VHL10638,-12.424482318495393
VHL13859,-2.8946245360602916
VHL11640,5.7984148188375
VHL13661,6.017732929930844
VHL15523,2.8114845815239278
VHL12838,17.485645558549095
VHL11312,17.273742707680867
VHL12699,16.452072855411643
VHL14640,-18.32715240195421
VHL17666,15.222291250268427
VHL14903,20.62181031452974
VHL13835,13.50019084619089
VHL15635,30.573342034468624
VHL19827,27.28176946714575
VHL14808,13.175508067371993
VHL16208,4.2692301977836
VHL18605,2.4139641792826296
VHL19751,18.77543421844257
VHL17664,23.579903136367193
VHL12588,15.77779322439892
VHL17702,22.673636325741427
VHL10842,8.61450489726667
VHL19609,27.632639185918833
VHL12767,-3.850463103313359
VHL13680,17.25348302579596
VHL13507,0.7080997954535633
VHL16160,22.313772543867344
VHL13555,-23.066818180290284
VHL18088,11.89615339517286
VHL16428,8.821398540707833
VHL11278,-18.43972435934893
VHL17567,10.963012035275824
VHL16715,8.167530840519703
VHL15486,0.2787921841631942
VHL10286,14.707173753393818
VHL13344,1.8279793064375554
VHL17544,7.927002105869178
VHL12579,19.98383204616721
VHL19966,7.0607775022422175
VHL12989,-7.985837281978547
VHL18968,21.293603322020317
VHL16423,15.881431700252051
VHL15852,30.090577705535452
VHL16298,18.092622554916943
VHL13399,-10.416730343325526
VHL11381,35.51410356925771
VHL18329,39.19505135363488
VHL13335,2.17472128238569
VHL11885,10.469272877885942
VHL19284,16.65914020442142
VHL12612,17.583678419822263
VHL15522,17.47719151210913
VHL16059,14.829084599655744
VHL10388,24.443112712339826
VHL10025,20.251359165337362
VHL14629,3.6001355788735054
VHL10790,-3.193632976713616
VHL17966,22.099604160178387
VHL12843,18.133086305925644
VHL11996,-3.6497893630285034
VHL15688,5.797455684743454
VHL13110,12.98873722633607
VHL19865,26.385571846763924
VHL13379,-1.4713785869685125
VHL18639,11.70153794677799
VHL16928,17.293986031509576
VHL11725,40.08512375760665
VHL11355,10.517784086364372
VHL17560,15.355837659406461
VHL11885,10.171208089323045
VHL12995,25.53337230172201
VHL11751,0.3335016143132634
VHL14633,27.021939373194982
VHL16853,3.1413137643980917
VHL14501,17.170126485459605
VHL13938,13.153777087767594
VHL12329,-7.326941112850363
VHL10067,12.028849304503638
VHL19818,8.912498023028547
VHL12785,3.8308988863686864
VHL13874,5.841968027201347
VHL18142,24.542947174075834
VHL14855,17.639745309583304
VHL12147,30.233229613381354
VHL15256,27.110375210289476
VHL13751,22.89625578838013
VHL17863,3.966782988448813
VHL13981,15.189190855260222
VHL18916,0.5082398495082998
VHL19492,14.331145221496172
VHL16004,39.368766501249866
VHL15913,-17.982017592430566
VHL16871,20.20249021639802
VHL11388,3.825075691489019
VHL15019,-11.06987069295019
VHL11934,-7.492252107957029
VHL19784,2.806661935435841
VHL12593,11.246582462207243
VHL15836,24.554044079421146
VHL17034,2.8359496915741147
VHL14607,16.174895032725544
VHL17105,17.25969938548451
VHL18773,7.817291636063601
VHL12684,32.262461110024105
VHL17154,8.19354740853123
VHL10849,9.611772683595973
VHL12067,11.591807790663097
VHL14247,6.066899941131851
VHL18581,9.37709157374411
VHL18516,10.993974004682968
VHL17684,-5.453319582540644
VHL17215,-4.02758382852744
VHL15232,21.33533570584359
VHL19310,20.082138554611902
VHL12120,12.715376280417786
VHL15455,27.983705760796056
VHL10132,5.378848175484563
VHL12356,28.188114947232407
VHL16995,30.87604128673229
VHL15752,21.435759279862395
VHL12151,13.703003009095937
VHL11902,47.234848052243706
VHL17808,1.133291341399854
VHL17592,-2.690530417070022
VHL16636,19.70138467043307
VHL11497,14.69796271401583
VHL17774,23.993962895383447
VHL15919,-1.3710144138449323
VHL15172,-8.865243015012766
VHL11820,-4.750583999471928
VHL13093,25.773767057163695
VHL17445,20.298955213731006
VHL18989,-0.5793283067750963
VHL10713,-4.579718837159817
VHL14240,-5.179629384692362
VHL13501,3.0146403191042737
VHL18215,24.947232227008953
VHL14878,35.22784647346316
VHL19143,0.14797207980382154
VHL10173,25.164835783190938
VHL16962,16.250146675112774
VHL15384,5.129311203299039
VHL13844,13.35281528459609
VHL11998,0.92390781240465
VHL10444,2.1547513606828943
VHL19655,17.082341992103466
VHL18921,10.93538332499611
VHL11774,23.894605604936714
VHL15490,-16.350518281346922
VHL18694,20.284111539566766
VHL10360,9.821123995110156
VHL18707,11.03092553965189
VHL15801,13.581800819208638
VHL17931,28.00579347643179
VHL16716,26.549453025228104
VHL11290,2.451695721635133
VHL18180,8.63691637353486
VHL19935,2.126255876225059
VHL16593,8.522657165069631
VHL17349,-7.910979370754376
VHL18705,12.253834059746623
VHL18527,9.719154005288601
VHL18577,4.885655981667242
VHL15369,20.308208379934058
VHL16140,13.72288876707853
VHL11458,1.2235697181890828
VHL13652,0.9775663221489594
VHL13470,25.41889673206697
VHL17609,17.957126691221674
VHL16953,-12.2761872052547
VHL19670,30.81095870613035
VHL16517,-5.220674886782035
VHL12631,20.292825875714698
VHL14338,-20.223698065263306
VHL13224,1.147460243445039
VHL19157,10.077507865314146
VHL10266,-7.887480919603604
VHL11597,18.233192087175212
VHL16219,27.42289934700375
VHL12828,8.072821661569833
VHL10364,9.493722583052659
VHL11875,37.448989500156586
VHL10185,1.5692796754542542
VHL12097,17.624655469538993
VHL17691,-16.136310720332858
VHL15092,-2.501782496103715
VHL11628,22.892884464425606
VHL13662,0.9139810428823694
VHL11486,4.116200126556123
VHL18373,15.463535620824132
VHL16605,33.81201139418408
VHL14670,23.72538862070587
VHL19579,-5.183977098706237
VHL15504,1.2175064161233422
VHL18831,-2.3631190946261995
VHL19404,5.834823368878006
VHL11218,13.680440781177367
VHL13869,46.009601203298644
VHL19846,15.518578736913696
VHL11677,11.159864155908053
VHL17416,-5.463639141662043
VHL13175,1.9887548704905385
VHL17965,16.595613939810846
VHL19048,9.143231354634281
VHL18117,-1.3400051406892999
VHL16742,22.052284064980995
VHL10339,9.408175579097133
VHL14079,8.468167378360704
VHL17034,11.752829132032275
VHL15903,0.8069862539887254
VHL14643,20.384740002391027
VHL19176,11.689083845345067
VHL16293,14.71337280532498
VHL16573,3.192238831933082
VHL10615,5.579705562566687
VHL10834,19.81095647411985
VHL13200,15.50709462086752
VHL18949,24.948841916044785
VHL14402,-4.518461779434801
VHL16439,10.531362621487006
VHL14135,22.637461683272704
VHL10015,-15.184261687343678
VHL10388,-2.955627221281702
VHL17226,18.430142194751625
VHL16884,41.89710377230904
VHL18216,4.359866307166158
VHL19751,6.756515628461784
VHL11071,9.718495728014659
VHL16489,22.319853525509643
VHL12578,25.434561285468135
VHL10582,23.56282742688336
VHL19617,35.35842767080794
VHL14437,21.78390554107864
VHL11749,3.6866998526775205
VHL18131,21.263969900896427
VHL16700,17.484858664532112
VHL14166,24.122131063365032
VHL19100,-0.3875612502833974
VHL11100,16.20781511529549
VHL17954,26.077297151630773
VHL15065,20.406697848563454
VHL14908,27.967105469872877
VHL11925,20.960583374196176
VHL12725,46.65554821301066
VHL17558,5.587515097747655
VHL12989,15.350718524980493
VHL11734,23.565086508629065
VHL15324,18.096293548502672
VHL19720,9.605700302766309
VHL17274,-20.715453722023085
VHL10206,18.547695424032554
VHL18355,14.769509610624937
VHL16634,4.469855027367885
VHL15037,0.8313814898697274
VHL19446,18.56168561174445
VHL11255,6.72626501251716
VHL18968,17.43010320887197
VHL17262,4.318161784111908
VHL19635,16.25245344003497
VHL13636,5.114975086676623
VHL14827,23.349637001707833
VHL13630,13.956197521882586
VHL18929,5.115774456244253
VHL18493,32.13743545922625
VHL11970,22.23058193468114
VHL18557,3.1795110924144865
VHL16603,21.124957136245484
VHL10144,4.173043106463865
VHL19283,-4.466476327720557
VHL14957,11.942995422858075
VHL14521,-16.19851034045996
VHL14631,13.165127565596322
VHL10741,7.645774698639798
VHL18773,4.71348596056805
VHL15546,9.592657836259605
VHL18796,15.299379761786895
VHL16777,16.287415062980926
VHL12667,-6.889531754461132
VHL11806,15.060475874586245
VHL16241,-16.49489155265337
VHL11602,19.244411321008556
VHL10361,10.504970263157247
VHL11563,0.6319565515709655
VHL18781,12.536896689282457
VHL11605,-10.130892853801015
VHL17566,5.940523046708677
VHL14925,14.81054189765564
VHL17378,27.448242136463705
VHL13933,4.690029453220632
VHL15621,17.204015992282166
VHL11212,18.267259411771647
VHL17047,-5.90584344187846
VHL18495,12.49791774820551
VHL11789,28.468459719741077
VHL18812,-13.126197244025661
VHL12003,15.250507672362346
VHL17763,11.690837918109082
VHL10234,-0.7615466359161474
VHL11820,21.132831606344098
VHL15612,9.290276265473494
VHL16969,9.83311809068482
VHL15883,32.80336158218097
VHL16910,15.863977918920682
VHL15537,33.86442306372692
VHL19483,10.950580407618418
VHL19061,45.85402343886335
VHL10122,48.24796090034715
VHL18413,12.00796429646698
VHL19153,8.741076245211389
VHL16118,9.650915112375515
VHL11390,12.73269298112018
VHL15701,-10.917212976361952
VHL12322,32.959848143417275
VHL18493,28.203039615409125
VHL18230,8.899094051132579
VHL10567,0.7707875446640173
VHL16862,5.295950120023917
VHL12040,21.228080442599094
VHL13506,15.358669920892225
VHL13379,21.496961913954692
VHL16540,7.649362346631278
VHL14882,5.726141549956537
VHL16979,8.4288910069331
VHL17108,5.626106648924178
VHL19862,3.516457465833355
VHL19541,-5.511102128693437
VHL16650,10.737906873619522
VHL18976,22.877387609260495
VHL15984,12.67853021521887
VHL13017,15.770518096390333
VHL12807,17.840460234017428
VHL16571,2.9082274053353103
VHL18496,2.891781478415396
VHL19085,1.7576146977576173
VHL15655,21.936620876084817
VHL10274,15.107674613801464
VHL17927,22.865296077845414
VHL14169,3.2630276780118947
VHL10088,21.64209269854973
VHL19133,-6.31380660924151
VHL10124,-7.349780597921836
VHL17800,42.53988638566079
VHL12549,5.211857490361126
VHL10900,13.549016405679595
VHL16654,-8.489995844425266
VHL15178,12.16540839485333
VHL10370,23.276735830149846
VHL19083,-0.4154206197104031
VHL10667,45.90483475535666
VHL11177,3.853501934169799
VHL19621,9.618116888734221
VHL19834,10.824968141100726
VHL18831,-11.85232127458903
VHL16058,16.647261953898123
VHL15327,9.27076097025838
VHL10566,2.31898956140094
VHL15911,11.534245361397097
VHL18703,8.942246567225538
VHL19494,8.580375714094316
VHL16292,32.34906764134121
VHL12417,11.675458772611819
VHL16694,18.36392510149244
VHL16876,22.372173879718957
VHL10394,-2.7041275920105363
VHL18192,-9.187426755780507
VHL18989,-1.0549485552801343
VHL15531,6.991214866998234
VHL19945,12.608642394980961
VHL15352,14.814540088601916
VHL10470,9.192806994399234
VHL12910,33.480903981705524
VHL19260,17.91068853227307
VHL18747,24.36855661875279
VHL10865,21.41479350901227
VHL10512,26.96605564214815
VHL19176,-4.783911849599917
VHL18494,1.3525896598948748
VHL14953,3.7450083893800183
VHL18146,17.078002206877954
VHL10753,15.563558542717146
VHL13266,21.69334046421318
VHL18142,23.30836518102751
VHL12499,3.825075691489019
VHL11132,10.383459603562187
VHL16161,-22.728507867502685
VHL16332,7.381537921264226
VHL11947,45.53143487686839
VHL15516,14.061439783913102
VHL15620,46.8694086386522
VHL11334,13.739094334323
VHL14676,12.035337787101525
VHL18063,-11.53592302618199
VHL11305,20.562550807869684
VHL17190,-12.946248527337048
VHL19509,10.304046923065016
VHL13065,10.760013918432833
VHL16948,2.8282600304114567
VHL18753,-0.05904231238719149
VHL13306,-10.283494963592602
VHL11296,-9.787150220686726
VHL14799,24.89515997452054
VHL16629,42.948918744360526
VHL12469,-0.5655694252245667
VHL14725,-2.506986711526679
VHL15360,-14.092122823291902
VHL12472,-11.808471480533171
VHL17694,5.553609186272752
VHL19367,-3.048068730282921
VHL13921,18.464111473239427
VHL18424,-6.122371705477235
VHL13215,14.315531530112821
VHL19720,11.73976950443739
VHL19474,5.933810088308292
VHL14718,1.6502655240997228
VHL13614,14.583090605421603
VHL15761,-22.0607018443593
VHL15481,-3.6999699505176977
VHL10583,-6.697980280937372
VHL10999,9.4706922536011
VHL11387,-7.234398850537673
VHL17201,14.191730672952417
VHL11541,29.6873874212215
VHL11491,9.241606665401832
VHL13571,-11.450682683898776
VHL17798,20.26009984083248
VHL11615,-15.046834173678235
VHL17412,13.717458967923449
VHL17680,42.61066947599011
VHL13091,29.779410202035706
VHL13434,-2.703477932729129
VHL15052,10.802528905519921
VHL11742,9.358287062443651
VHL11925,10.210017986355524
VHL12016,16.770485063231718
VHL17513,6.217224885460382
VHL10564,-17.19250296173459
VHL14087,-19.739507751419296
VHL18246,19.450799354581704
VHL10468,25.14618005269267
VHL18823,4.202309497685292
VHL10264,23.38787578871961
VHL15285,15.943733147627881
VHL16403,42.61016708375291
VHL14260,29.547780699186205
VHL16390,-2.7897708830923875
VHL14383,0.11844388556801277
VHL12924,12.499695197821893
VHL16793,-11.696494524740501
VHL19286,-0.3329535210477843
VHL11692,35.927094545069394
VHL19565,-1.9228571676931097
VHL12271,10.59944206405271
VHL16387,5.7779755141477835
VHL10067,-8.722507974361179
VHL11055,30.24301848716732
VHL16282,6.665633109382725
VHL10373,5.1696847121397695
VHL13130,14.349934357456277
VHL14791,6.647410429266074
VHL17669,48.64305891813865
VHL10245,10.903566022074301
VHL13394,1.096585970930846
VHL13369,14.838597887011929
VHL12230,21.637334708227172
VHL15024,-15.430443310563533
VHL15401,17.915341056794205
VHL17830,11.690837918109082
VHL16594,-2.500162224027008
VHL13400,16.39360294301605
VHL13413,2.883620036909633
VHL11338,19.53554151021808
VHL12928,16.703251951339098
VHL14141,25.205576863149872
VHL13196,42.515693246127285
VHL17193,16.429828141443977
VHL13848,17.604527777803014
VHL15690,14.576007328920241
VHL14292,14.17314924312177
VHL10249,40.51823994376127
VHL16684,-3.22664214449469
VHL13663,-2.826345545577169
VHL16780,24.50394971242895
VHL15195,19.519846088044233
VHL19709,-13.388517818447326
VHL16300,12.781758845968852
VHL18402,3.2879353712446573
VHL10408,26.313184646377977
VHL17856,15.294064487593005
VHL12909,22.49710401975244
VHL17579,23.064535523063114
VHL14360,8.426315736296146
VHL16170,22.291471707406345
VHL11625,16.935447379793914
VHL10141,-2.6271199535353844
VHL13372,-23.348191851217052
VHL10702,17.855303649669167
VHL10168,12.444793168740944
VHL17506,20.712792155995885
VHL19811,17.804085471571852
VHL18898,-12.341687779464337
VHL14976,14.456360797440993
VHL19528,20.188463887800026
VHL14747,-4.812407667448042
VHL12298,7.9357613116694665
VHL12897,46.628118896190244
VHL14501,-2.163498621927374
VHL19230,24.954448423861777
VHL17122,6.251048612007253
VHL13093,8.875692168394835
VHL13713,4.09524942182361
VHL10827,11.382874394314058
VHL14671,5.487203144880368
VHL19953,-11.340105738911006
VHL14674,21.627256676846173
VHL19651,13.308025356434428
VHL14860,28.794311732503957
VHL15452,13.501379026453378
VHL11031,0.9200582649596072
VHL16763,9.904338542796722
VHL13764,25.264364059302352
VHL12562,9.327446761162719
VHL11827,-11.070713741830332
VHL13929,22.865755802385138
VHL10039,27.34375431971739
VHL15009,25.80881116607634
VHL13821,13.725393762063959
VHL14348,-4.275399928481875
VHL16840,16.277370002976113
VHL12002,10.377914096043241
VHL10237,-7.4534811167104635
VHL18738,-0.09993516205395281
VHL10568,17.42660256374802
VHL19355,-3.986926956592015
VHL16226,20.836840429865333
VHL16719,-0.30790115920353855
VHL14548,2.001482610009134
VHL16912,27.29798731169376
VHL19505,25.480908648320565
VHL16442,-8.579277536222435
VHL16825,4.847800595859553
VHL12658,26.30302282015282
VHL12481,24.594558579242403
VHL18658,24.195627210031034
VHL15493,-1.859909364107807
VHL12577,33.4148543808933
VHL13844,8.414728735558128
VHL12544,-1.0355986717954693
VHL14450,15.00818984340458
VHL16818,4.803249306017278
VHL18694,10.338649579333378
VHL13597,44.861081808345716
VHL15898,8.800043977846599
VHL18680,4.12639864838502
VHL12465,24.228003544614694
VHL12148,-4.911031316373283
VHL19876,4.216905061724447
VHL19612,17.047627996294977
VHL18169,31.087380079468858
VHL13267,6.86429814381836
VHL14640,3.2404370350500358
VHL15593,17.93077765410453
VHL16387,29.96468339259218
VHL13148,16.291852866015233
VHL11142,1.0933722251184008
VHL18659,1.8282953491666376
VHL13899,7.679918427386383
VHL18985,9.847672520289052
VHL17250,3.438116933174115
VHL17539,6.378713932341725
VHL18609,7.051133969866896
VHL11948,-2.574608548966353
VHL11525,7.340503396415443
VHL12806,18.93254811637962
VHL19564,22.84583885457232
VHL19054,17.87636834003297
VHL18679,3.055651394894994
VHL19665,9.478002569514047
VHL12463,2.6965270962700743
VHL10753,-8.541088159395258
VHL11312,14.43756625944161
VHL12620,-4.140161618442107
VHL17592,-8.400983285311213
VHL11746,5.749745218765838
VHL14332,-9.756800641598147
VHL19959,4.831736750180426
VHL16741,2.1784277876686247
VHL10763,9.787403063722195
VHL17541,6.510708173426792
VHL11701,29.69591405163692
VHL10194,6.269717926652447
VHL13479,22.19621540161279
VHL15975,0.9495842585138234
VHL10231,8.14832882406563
VHL18446,-1.9937935231282609
VHL19365,30.251091097573408
VHL12815,6.4898236488465955
VHL17210,15.07790205834499
VHL14273,-0.3530305269159726
VHL16001,7.7427501561169265
VHL17232,26.414823985106068
VHL17877,0.8484908618365807
VHL13772,8.782185410990223
VHL14502,1.601404090828055
VHL12140,6.624020775158442
VHL12267,22.348282455318895
VHL18736,21.32368757008544
VHL17988,21.461049513430225
VHL11233,-52.53386120377172
VHL18205,4.7867640784616015
VHL17229,6.687953496220871
VHL12503,14.331486112491802
VHL16555,23.968649324302532
VHL11608,7.414531626111966
VHL13099,26.08022048461453
VHL10464,8.62107882752207
VHL13660,1.2789158600439805
VHL15246,14.59169880514628
VHL18351,11.791875034663462
VHL14567,8.861199694355037
VHL18076,-7.471843981683833
VHL15135,0.4327745821060489
VHL14661,26.22474930287035
VHL13468,18.379191798332158
VHL18899,9.939320556220537
VHL10051,-4.090527968844981
VHL12127,-0.03545580745276311
VHL12196,3.6057373737785383
VHL17014,12.074226154868938
VHL11559,-19.504904168442863
VHL10059,27.90458046290678
VHL15739,5.8931621165929755
VHL14808,-2.9457395959097994
VHL15611,15.029606816698106
VHL14636,46.51718335319447
VHL11570,0.3875791695513726
VHL16463,11.290715910500694
VHL16394,18.02067203178649
VHL13693,11.404231664155759
VHL12291,4.819635387619655
VHL15561,-3.889730343591509
VHL19493,34.57846733517181
VHL12756,15.163073858469943
VHL10950,5.034045425020395
VHL16866,-5.627818796041993
VHL12609,23.359081202611378
VHL12574,3.49181966385504
VHL17135,-7.182787128392192
VHL13752,18.594156650137393
VHL13546,17.3198812013693
VHL11097,7.774076874672119
VHL18181,5.749745218765838
VHL10940,9.780657440744562
VHL16905,8.2387614277186
VHL19185,11.70803040424562
VHL10923,18.49021662634823
VHL18309,-2.1222599565030578
VHL19349,6.359244969784868
VHL13590,5.794373820711826
VHL20000,-2.951668651531236
VHL12384,14.563065010161154
VHL13167,18.124364010261615
VHL18928,0.8989153735819855
VHL11333,8.117416403161315
VHL18531,-21.07096643188106
VHL19725,-11.936840434325859
VHL13535,16.235308144402552
VHL15299,27.51470791410884
VHL19132,29.417696091467405
VHL19736,29.456169241880616
VHL11914,16.445030429959843
VHL14981,22.526091927767084
VHL11507,-10.62961185011818
VHL18768,4.234725832343429
VHL13208,7.124826120693797
VHL17200,19.311938798594838
VHL19398,19.05831282566578
VHL10666,26.96678568614925
VHL12919,25.299953948950588
VHL17972,15.263090316347188
VHL10315,15.012269236216525
VHL13868,0.6904263981605254
VHL16268,21.15329956419282
VHL15979,12.023972916005732
VHL14334,5.226835536906037
VHL19984,8.41807017742849
VHL15905,19.158082794427628
VHL14849,4.2692301977836
VHL10077,-3.4695141664788025
VHL12763,24.11027386208343
VHL13814,-1.2918906200370657
VHL18236,8.317971078269238
VHL18380,0.8117851560532472
VHL11075,-0.23191640449294937
VHL10482,21.045755174321584
VHL10117,9.347951610385735
VHL13673,-7.460375023129018
VHL17221,33.18075152136453
VHL11240,11.549116439176032
VHL12562,-0.7365633480358156
VHL13799,18.421781899047346
VHL13466,31.526004426265445
VHL14698,4.470996031862342
VHL15372,5.29506167321324
VHL13032,2.6144003571857866
VHL13600,6.454662227255994
VHL17335,7.52088542958154
VHL15519,10.68001830715184
VHL19609,-3.735675091405028
VHL12581,12.924100452621133
VHL18738,-0.7805416274213712
VHL15107,-7.732885883745894
VHL16177,20.506414002569727
VHL11709,10.450943707064198
VHL14469,5.002964422726109
VHL13687,15.885465106065112
VHL16412,21.156946662290466
VHL14864,42.171800406865714
VHL15725,23.84072208258476
VHL17141,7.6246792942019965
VHL10991,13.673862514276607
VHL10678,-10.187027431773004
VHL13889,10.744342005360522
VHL17084,21.575680706764615
VHL15443,-3.2325323157924686
VHL10783,3.156274572666007
VHL19744,-0.05066643175086938
VHL18331,15.752658211778908
VHL16307,1.6936330472544796
VHL18003,7.577282881500196
VHL10838,17.590793595289142
VHL13320,46.92259906060326
VHL19953,-8.990511985655758
VHL19152,-3.584005194283691
VHL15913,46.65554821301066
VHL15341,7.336571416589322
VHL14269,2.9629181536711258
VHL10263,27.73218051660615
VHL10559,3.6746709360459135
VHL17221,10.475560448539909
VHL12379,28.365843457013398
VHL18253,-11.766340586410934
VHL11172,7.537613998783854
VHL17213,44.300162812727194
VHL18445,22.08243203029042
VHL10808,23.3063266315703
VHL13851,15.574531059764467
VHL18936,-0.361770330940999
VHL17750,-4.1768900970578215
VHL14279,12.699795593147428
VHL17407,-5.940092818158973
VHL17737,21.186103161160645
VHL11196,6.410191221052628
VHL10773,3.328147567655833
VHL12028,29.273441248674317
VHL19833,-7.453517693923914
VHL13566,4.655299060408652
VHL18282,-3.1476324390237096
VHL11015,-11.816766410106084
VHL16696,19.728573879690884
VHL13980,-11.766340586410934
VHL18337,23.673041769774045
VHL11330,16.070133089126557
VHL14873,13.761528678320246
VHL15435,0.6634294113309807
VHL13861,23.378369965814272
VHL12073,8.380346281267066
VHL15320,15.160190008805785
VHL17850,8.592923486623931
VHL16757,12.48709524788319
VHL15181,-14.768141230706988
VHL14613,-2.6852560981405986
VHL17238,-5.277547521546239
VHL12083,12.901004440371707
VHL16344,13.796154808122083
VHL19413,12.526857727865263
VHL17430,10.283980172469455
VHL14996,14.68198277830652
VHL13423,-12.515805579133485
VHL13162,32.73793547369496
VHL14672,4.836950584103761
VHL12020,9.11180814081581
VHL16103,5.9048896095046075
VHL10650,9.759824185694015
VHL15234,9.553336682551617
VHL11305,19.56565560605941
VHL18180,17.169970961276704
VHL17458,-11.611765798764281
VHL15835,8.924205564684144
VHL17211,1.5811585082910824
VHL17209,5.104729060099544
VHL18693,5.862712022912547
VHL18975,16.40784330566339
VHL18976,11.456067179503862
VHL15391,6.780999218719899
VHL13071,39.22985511416118
VHL19241,17.276687432766266
VHL14944,12.670805641671905
VHL19128,22.877387609260495
VHL18577,-13.608209039160101
VHL15429,-1.4021477105989106
VHL12217,18.287476615006653
VHL15705,23.100308529890754
VHL19888,6.655246717491536
VHL11906,18.08542102887941
VHL15757,26.10090865354823
VHL11938,21.252175141142743
VHL10969,-4.223114439164419
VHL11777,46.368526687267604
VHL16275,16.629402505154758
VHL14235,2.879673118237406
VHL10496,39.02063856301629
VHL18481,6.1129889920684946
VHL17185,2.031205442857299
VHL15960,8.121565232127068
VHL11313,20.12639286033982
VHL11288,20.073757922093137
VHL12337,22.896110355279234
VHL14268,-9.166190327184722
VHL10015,25.780395829203826
VHL16136,11.530958861593263
VHL17903,29.940906294367323
VHL14018,17.062484797117577
VHL17473,20.249269706211635
VHL11480,19.06879196689124
VHL13881,12.995491044713617
