VehicleID,Amount (Million Naira)
VHL18518,9.14293118993237
VHL17149,11.750106373389372
VHL10927,-1.4388010859179303
VHL12909,9.847663965448646
VHL12348,14.349186618858766
VHL10798,23.848095051179826
VHL11022,-6.23625670456795
VHL12206,10.328300603043772
VHL11697,27.09931321370641
VHL12313,14.298621943741182
VHL13411,28.26888838803643
VHL14334,-4.038391935476739
VHL14302,18.011376016643226
VHL13979,2.791118056938558
VHL12272,-8.165274638518895
VHL15071,23.34068375185325
VHL19166,2.7789259562396182
VHL10471,4.140362188798008
VHL18431,9.177583547100312
VHL12325,12.214534520000598
VHL15657,8.311440405436315
VHL13667,23.76994738554413
VHL18913,7.835573319634477
VHL13273,2.5610752456168484
VHL16576,-14.73131040476892
VHL15506,3.101648392302195
VHL10460,48.8031218496717
VHL16050,0.9020453964203625
VHL17918,19.61461072198017
VHL12992,15.335593710365174
VHL10261,9.645531869893603
VHL18348,18.74588145176267
VHL11577,17.28959082172969
VHL16957,-2.400094056247781
VHL16165,28.080500421419856
VHL11441,1.1140386605047752
VHL19990,-4.765312458354856
VHL14072,-0.25194950842842445
VHL13637,-14.304445856303118
VHL10757,6.032063702617052
VHL12657,14.45816742646457
VHL19939,20.739133982584008
VHL12094,16.88565102307939
VHL17177,-1.5633719718953216
VHL16720,17.43359413263215
VHL11478,33.44075229268719
VHL14386,22.3244281818711
VHL11341,26.835758681391326
VHL18683,23.745835874116892
VHL13430,22.05726417527194
VHL18932,-5.877790704184008
VHL17505,9.725220024642113
VHL16272,2.388780962317014
VHL14777,9.545754491866774
VHL13186,14.646595899362183
VHL19383,-13.535211841986893
VHL14605,16.19748181776822
VHL11440,21.5001363894512
VHL14303,18.58318308705475
VHL19478,10.39212861255237
VHL17837,0.12930381010437486
VHL12824,6.148378256433261
VHL17476,6.2744126727438925
VHL18988,-7.834384409323775
VHL19482,9.097529096411563
VHL13263,8.073479861579926
VHL17078,20.103831000697937
VHL19170,9.690970954167824
VHL18070,-10.34052238336335
VHL18061,27.223972279077316
VHL10726,-3.425809359297091
VHL19212,7.633664040753956
VHL13283,-6.032220889233031
VHL14023,17.81049286695452
VHL16973,36.284216356257275
VHL19653,18.449314248578503
VHL18605,22.295937159956793
VHL13287,15.78836483052919
VHL15719,-12.902553098170301
VHL19636,17.993630666664558
VHL11009,11.948910678904213
VHL18087,13.551192796939631
VHL14422,13.649917437840031
VHL15789,26.571974497192514
VHL12369,10.221841797582783
VHL15812,2.5111289269902954
VHL18767,50.70802664585972
VHL19271,30.00182776056363
VHL17403,5.329278589447313
VHL12967,6.718393062893938
VHL19998,13.234409336015688
VHL12336,9.239776017655913
VHL10328,-7.180665872146619
VHL18908,-6.381612414841584
VHL11127,19.26693064547044
VHL12655,25.600114755740833
VHL19086,49.70516863756893
VHL10384,30.30322870664486
VHL15712,23.39215231016624
VHL11054,26.626219744205628
VHL16505,15.624026342021352
VHL10534,-7.294908184952419
VHL14120,5.104161665380161
VHL10206,14.741075251377879
VHL13595,18.2108861081565
VHL15887,7.0001050263877005
VHL12672,6.265751225845179
VHL19770,4.9759419446568245
VHL13026,24.410952157109023
VHL12635,13.30510192609654
VHL14014,7.255413195760411
VHL19238,2.317630210210609
VHL18156,10.946713139611347
VHL13087,18.770509503689027
VHL13743,-11.705940650706452
VHL19323,45.075259232439294
VHL16129,15.861422940482953
VHL17626,2.491252907096623
VHL14525,-9.776177476644534
VHL15597,40.8960935304417
VHL19429,13.388437811472613
VHL14074,20.941337589797513
VHL17422,48.80044159686804
VHL11861,23.712267294989942
VHL19828,25.004318726233123
VHL14000,1.4795282828954441
VHL12312,6.010985761188294
VHL16257,-9.092663969604928
VHL14859,4.889901375769114
VHL16048,-4.944373944796098
VHL14039,-4.431216249139197
VHL10296,-5.283701978447425
VHL14949,-9.156983833381673
VHL17034,27.589249773019674
VHL17149,26.602715970138433
VHL19677,9.453420556565561
VHL14433,4.651344595786213
VHL16582,16.00061096823947
VHL10059,24.190983428398795
VHL17140,24.52470150793488
VHL10364,6.5570962405495266
VHL16932,4.396070770792903
VHL18587,23.19006135325253
VHL13635,-14.40540453267431
VHL18371,22.668062999533504
VHL19622,16.391951742745277
VHL18669,26.402896148722448
VHL17359,-7.917985895538095
VHL19788,18.04539629153942
VHL19078,20.014830904978226
VHL12673,6.818363839000085
VHL17895,-9.794132018587788
VHL18950,27.878990219864136
VHL13562,26.387555313293888
VHL11306,30.326974897741366
VHL15496,4.198212160235471
VHL11927,22.124363553432886
VHL10392,29.047967337371574
VHL14124,-1.9059356126454077
VHL12586,7.517699771257867
VHL12895,1.1944627528073397
VHL18481,4.924281989830433
VHL11310,-3.7095804671362202
VHL15810,4.488129143038805
VHL16037,9.176314236945927
VHL19627,30.935919528716568
VHL11152,12.341894279571534
VHL17698,29.225307165575487
VHL19815,41.98324303268919
VHL18192,0.3155416414965657
VHL19720,6.323073699769793
VHL11686,15.959910135206428
VHL18649,11.056447908858445
VHL12765,14.79805331361058
VHL10026,28.3329220511896
VHL11001,19.399045435625794
VHL13433,25.48672711883455
VHL17827,-2.13160789660742
VHL12344,3.5706987516259687
VHL17308,35.266970372627384
VHL18722,-5.056059513106902
VHL17199,14.255842549580848
VHL15338,-2.350750259616234
VHL16946,15.671786798872745
VHL11039,-9.974435581060789
VHL18017,25.571316826632938
VHL15945,20.70488546227216
VHL14724,6.548508999380829
VHL15314,29.18054042831409
VHL14276,11.24839115297209
VHL17883,1.7584661995456372
VHL14385,31.37723064350712
VHL18665,-7.792839228426146
VHL15936,34.9949637062241
VHL19518,8.727558296299776
VHL13530,0.9612388362420461
VHL17861,-17.513736903698828
VHL10966,26.768383681629075
VHL11652,12.759059875764706
VHL16641,32.149447566364415
VHL12017,14.8625406049282
VHL14856,9.457104513669037
VHL16801,3.177594409046378
VHL16814,29.450119592599094
VHL13748,1.7149142786865923
VHL13104,28.73223106624164
VHL10022,28.919595314045637
VHL14787,9.697159125750659
VHL19015,11.8707817012355
VHL11089,14.892615371634747
VHL13873,6.170412107410812
VHL15486,25.427684730784677
VHL13253,-10.092875694811937
VHL15232,-5.289147441981186
VHL18914,22.064716240617145
VHL14922,4.815417690521826
VHL14541,3.953951150840112
VHL15820,20.951094206186553
VHL10710,7.59776015102716
VHL11752,-3.4340634593449977
VHL13868,9.302987899551681
VHL17442,29.504276937771465
VHL14571,21.052300841909982
VHL17155,7.039435139156012
VHL11093,13.087727739528873
VHL18280,6.402965667437456
VHL18425,8.851758904608687
VHL10175,-8.101440331427057
VHL15307,15.194570085020587
VHL18062,9.878285655521722
VHL18972,-2.671735945695218
VHL11185,18.78183137971928
VHL10343,15.810418773469792
VHL10450,6.216306390731461
VHL19621,7.267375077871748
VHL14502,7.169845975326098
VHL12768,6.159699976218235
VHL19922,16.791305844431918
VHL10824,7.756992456928856
VHL16646,20.90419069029622
VHL15462,8.64834770999505
VHL15801,15.315676752653417
VHL10322,15.156613833387837
VHL15613,-6.946740369441613
VHL17756,5.134705701630082
VHL16186,23.12632717003089
VHL19061,0.5290109878415024
VHL13446,24.83559911551447
VHL10599,19.216591739591877
VHL18255,19.304077705984582
VHL17948,25.77320293752109
VHL17616,-26.09244971187536
VHL17664,33.74492936255774
VHL18299,9.347651628823769
VHL18959,20.584121199719903
VHL10473,18.04539629153942
VHL17271,26.560133135395972
VHL19798,10.174754798504182
VHL17935,32.33622534024971
VHL10245,26.9549828942736
VHL15041,3.9571938798694646
VHL15001,15.520796468889785
VHL16287,-13.891303457391587
VHL13974,33.47359871062099
VHL15764,18.838434749817225
VHL18888,2.8460405757018634
VHL14882,25.31752122686794
VHL19424,1.6696379182044438
VHL13785,50.518174823853315
VHL10783,17.852057016615618
VHL19808,4.253012591276274
VHL18890,17.43359413263215
VHL13440,2.251326042296114
VHL13285,19.3540954471423
VHL18805,27.923056574522434
VHL18550,-3.0704934807904465
VHL10061,8.787107978693257
VHL18522,30.70529221598008
VHL16813,6.875409350517657
VHL11036,20.94363449113689
VHL12107,33.19461181554152
VHL17826,28.159168960509305
VHL14449,-9.820576140921276
VHL14938,-1.4909350670000094
VHL14098,24.987603822755318
VHL19241,0.6110605400267559
VHL17856,6.626807696613469
VHL18900,5.832065819548916
VHL11133,19.018888331919243
VHL11687,22.130204972357205
VHL12719,-8.000842992124035
VHL15531,-2.8808925737189384
VHL17329,49.34107053290654
VHL16806,-19.1226405135385
VHL11582,-9.450840958632853
VHL16362,0.9419143648847239
VHL11119,8.055974079094995
VHL13806,29.063447777411056
VHL11733,-17.354634374018133
VHL18959,48.092368555470784
VHL17287,-1.135925005304216
VHL11709,6.772491613282
VHL19793,2.7296530047474334
VHL19880,1.1172459127069487
VHL19964,25.248379774954174
VHL12784,18.77065610887803
VHL17371,16.0394967098664
VHL12439,-14.935097326061623
VHL16652,12.624158065704705
VHL17836,24.714898211895616
VHL16597,24.407027267297508
VHL18707,18.011376016643226
VHL16683,16.498973093599034
VHL15365,-2.676581723272193
VHL13507,5.328398183110039
VHL14459,26.89513372925967
VHL19300,-0.9512909892764583
VHL18418,3.1793236443718342
VHL15350,6.696531584213517
VHL15927,5.5953467048216226
VHL12985,25.97986420283769
VHL10426,46.14828915669068
VHL10506,11.819596575927335
VHL11042,28.08744545183663
VHL18043,2.7068040769418076
VHL16258,19.69078102173262
VHL19326,9.00618882520439
VHL15424,21.005742986971654
VHL19014,14.305099159666952
VHL11310,10.287934206095088
VHL12927,1.4668779468056528
VHL10082,11.146165135392494
VHL10068,18.374102929155015
VHL13660,3.1566870839474177
VHL18810,12.923038015779184
VHL17666,33.60803615331861
VHL18022,6.915174233696689
VHL11237,21.89320195283335
VHL17240,24.71291570990661
VHL13512,13.619300194963216
VHL10596,36.92473211695551
VHL10073,28.138646873027028
VHL13719,-6.881533075914376
VHL10077,-19.637548315920867
VHL13151,-1.4224735392795083
VHL12499,12.326309045178277
VHL18832,25.80812455826981
VHL16790,14.877343691515762
VHL13880,32.699448159865824
VHL19448,8.957930323045275
VHL15860,4.14414894176889
VHL14538,8.259911115425439
VHL16505,7.742896376929821
VHL11544,27.126848965689987
VHL19830,17.476472859277692
VHL10194,9.779592218509151
VHL15744,0.2857735741599754
VHL10957,14.18462694026175
VHL12568,-4.001796188687422
VHL19448,18.188130923252174
VHL14417,-13.275069058943245
VHL10368,23.666434811542786
VHL10806,-1.5650300385327682
VHL17414,14.289069327171092
VHL14892,-2.8102111790785784
VHL17933,17.46840095082598
VHL15852,23.34239575388483
VHL10505,26.11121811719977
VHL18345,29.217297227117342
VHL13294,11.61944593896942
VHL18253,18.79038442514411
VHL17152,13.656247133792931
VHL12883,41.885004459666106
VHL16101,17.88123472524603
VHL15563,17.804850300871294
VHL10313,8.256624958509292
VHL18291,-20.24884815637688
VHL13553,16.765609253382536
VHL11440,0.9927665397317469
VHL15887,22.106716765902547
VHL17489,22.276176093991126
VHL16271,10.150260113935929
VHL15007,29.363879338472998
VHL15329,17.59383342430465
VHL13826,2.018802259945005
VHL11568,8.969062133724947
VHL13578,6.984817328635472
VHL16302,-9.78256241815916
VHL12677,8.757348067028943
VHL18866,-1.0024117991665662
VHL11976,9.508712638953966
VHL17817,33.64914276471245
VHL16893,8.16416334005362
VHL11075,-15.263620950881432
VHL14865,23.372098179706427
VHL13535,9.851982050166498
VHL16299,28.045370159143204
VHL19327,-9.069988158798878
VHL10055,6.4752637724645865
VHL14258,7.854635373083511
VHL11527,-0.5234175739565217
VHL17682,-9.359728570926563
VHL10073,-10.247099650607652
VHL14599,27.090799817992774
VHL15495,1.0498327774230347
VHL13387,-2.406749002212109
VHL19505,6.226926660352092
VHL16307,-0.7064873965800871
VHL11034,42.59145300923319
VHL13625,6.288274152276244
VHL19623,7.626239228152372
VHL10838,-3.2418835025600856
VHL11711,10.592614163848339
VHL14148,11.937979469073525
VHL15745,-8.027159620105977
VHL15705,3.3662426037585647
VHL14767,25.549316769344387
VHL10108,3.165566372478679
VHL17818,-2.532773751424429
VHL18324,9.861964800179521
VHL19741,21.77992228584253
VHL11815,15.288736232140309
VHL18939,17.946876222815263
VHL18042,-10.313841092381153
VHL13176,-8.536570632590156
VHL16859,10.234566030163478
VHL14405,-1.3151200381612398
VHL14751,20.92297190119143
VHL18416,1.3687130758680723
VHL13952,13.656247133792931
VHL14726,3.8163274105822893
VHL11889,14.298621943741182
VHL12851,25.526815013026408
VHL12862,11.48744470961492
VHL14262,4.146991522228291
VHL13520,9.12823100964124
VHL14967,2.2638218585666436
VHL14728,3.9606677611373016
VHL15340,16.775906202827173
VHL14760,7.330550222579859
VHL18498,-3.7397827796089587
VHL18440,6.5399949028646915
VHL18477,16.52803577648865
VHL16456,10.861423763457424
VHL19596,-3.5952623603971006
VHL19616,20.98187862606619
VHL12885,26.646386920757777
VHL13080,-15.655109885266484
VHL10988,17.9610086996031
VHL16251,-1.8849358240272522
VHL16941,15.039208438131936
VHL19708,16.23581598401597
VHL13116,28.357898633877085
VHL17823,7.665933590466011
VHL14587,17.041018845991857
VHL16807,4.790468837908065
VHL15706,8.3543865339675
VHL19568,17.907209466795848
VHL12877,28.601047245077098
VHL16412,-14.101256835617278
VHL18036,42.08163804097285
VHL16860,20.49222073659439
VHL14755,-3.889671277173875
VHL19234,25.570904771117057
VHL13272,-5.147305737338229
VHL16892,-5.48468791885216
VHL17413,22.9214244191553
VHL18817,-6.919109978597589
VHL11681,13.24031956529916
VHL10192,28.70380732049989
VHL16374,14.62131638622077
VHL17630,14.203725321541242
VHL15610,-10.915715249151617
VHL11364,2.930016697380779
VHL13136,22.404821993603946
VHL10038,11.172019710020322
VHL12580,15.094002527526754
VHL14253,2.7935588833402107
VHL17421,29.63504031109187
VHL15458,-7.102564642686048
VHL12574,10.482230031012932
VHL14109,16.34226141182444
VHL15943,8.680336546237413
VHL17404,2.4326443267395916
VHL14940,21.39096476442046
VHL16625,23.41211394321681
VHL12066,1.3514293759485554
VHL12899,4.213240392420175
VHL11652,12.802554981901721
VHL17554,48.97479058508907
VHL11567,11.925594724230905
VHL10163,6.62373549596532
VHL10355,18.4198068961623
VHL12041,-0.15729090671402446
VHL13416,17.15302046864781
VHL15974,-14.270715331619158
VHL12082,2.958356924961663
VHL12319,-4.954155285083743
VHL12556,6.12987003142598
VHL18675,7.117549250593129
VHL13381,-5.1524657055615535
VHL14325,48.82315957477158
VHL15875,12.195305513555468
VHL10638,4.326505594189257
VHL10544,13.48687488585665
VHL11654,-0.3173633450342095
VHL14423,-9.818515641406066
VHL14569,16.086250211872994
VHL15007,-11.144280218352378
VHL18221,18.64479066227159
VHL10785,-5.992144800870392
VHL16546,11.34290061601132
VHL19173,14.260016298739629
VHL11731,16.531931937377067
VHL18180,3.328992358155574
VHL19452,5.1370254816752094
VHL16163,15.241368498599059
VHL14877,5.9455626634076
VHL10102,47.43967955810558
VHL16046,24.51158858479903
VHL13684,26.233592156965187
VHL18749,48.83737816669418
VHL15304,18.9573669676397
VHL10117,32.26200053167668
VHL19957,-11.714273592383506
VHL19132,-33.240245322882856
VHL15383,15.496880721187608
VHL10136,22.33914401239963
VHL17919,-0.0018090398953063414
VHL11444,-7.042509643546964
VHL18795,19.561338253837675
VHL12062,13.744612203583529
VHL15890,12.99521472341803
VHL17372,33.093843960313734
VHL12038,17.295707891190432
VHL19368,-9.75056883780644
VHL10476,4.532409896085028
VHL14079,-2.860255647781287
VHL10401,8.621165404139447
VHL12810,35.726987310754794
VHL19466,-11.184376388227065
VHL15757,9.519659980190681
VHL15894,-4.503482722353965
VHL18056,14.757231713188958
VHL16634,4.279787871707413
VHL16608,6.402965667437456
VHL19831,5.97503897597835
VHL13863,18.525330783545087
VHL11159,2.9835594452465557
VHL15412,9.14790881787576
VHL10730,-0.44220698106300915
VHL17248,-1.2987246448701626
VHL16421,20.2716140762318
VHL11328,8.956546665191581
VHL18439,22.086365617734828
VHL12340,15.855425121113967
VHL10461,4.370732439720086
VHL15024,5.889815507325238
VHL11850,26.68889661983576
VHL16423,26.281806661497285
VHL16427,21.210751480279214
VHL13444,-7.26559239195376
VHL16609,-6.723562040710931
VHL11522,23.580159470941908
VHL11433,28.56311166063142
VHL15853,-9.430924754363332
VHL14168,10.414555259780627
VHL19004,15.368148385854056
VHL10827,33.585698391088044
VHL19998,5.368865181923411
VHL14997,0.15842794300078822
VHL15827,14.634602471394373
VHL18844,-2.7784355886569756
VHL10076,14.00962346882352
VHL16342,-1.7408225386488994
VHL19420,9.915811430465055
VHL12762,-2.0369493879557012
VHL16916,-6.2845465580448945
VHL10660,5.78765367819733
VHL18142,22.591389013283333
VHL13721,0.5048949129645735
VHL18101,9.421817270108477
VHL11732,-7.345943945650561
VHL14351,1.7916677722432723
VHL16617,5.439718482949047
VHL13840,7.318857549156746
VHL10596,3.8528755470583747
VHL19148,-9.371190455522537
VHL16845,17.67299895478618
VHL17262,14.830332361332239
VHL17801,12.629464706468298
VHL18039,23.082329459703487
VHL15369,14.696408393406273
VHL14483,0.18299941178520385
VHL19700,19.34971153549168
VHL15877,22.733596911111817
VHL15552,17.414899588518438
VHL18756,19.47333206010626
VHL10301,21.623076632964967
VHL17678,5.284514745576871
VHL17604,-9.028425492697352
VHL17969,48.75317616954135
VHL17089,18.20110256509406
VHL13239,42.76095907233912
VHL12466,12.290212892044565
VHL16020,22.636731527681604
VHL15014,12.025134015587355
VHL13302,8.81431487378768
VHL17986,7.706013904650263
VHL14724,14.566381322297275
VHL15147,1.6397959130326853
VHL15325,11.04962640578833
VHL16131,10.80516770611348
VHL14868,2.166840511061764
VHL15382,24.969401056252536
VHL12164,10.174754798504182
VHL11723,2.6608458084947415
VHL14888,4.81592584712962
VHL17997,5.441688659598185
VHL11576,10.17013033062085
VHL16048,4.521219354290679
VHL17795,9.2649309761714
VHL15642,1.7098249598420807
VHL13953,9.847983007278799
VHL10189,23.723740749671833
VHL13338,4.29914844356108
VHL19247,48.30064880877626
VHL16429,26.126218988204528
VHL10272,-1.5003200488467883
VHL12716,9.94131129846437
VHL12652,25.08915362404059
VHL13545,25.97032745219758
VHL11323,11.383930784201766
VHL15121,25.922644518896504
VHL17568,25.780999992539364
VHL11886,10.48019352401252
VHL17402,22.323801335735425
VHL10243,5.537875854460708
VHL13407,3.523304847120926
VHL12149,-6.989891033892945
VHL11037,15.735700233117313
VHL17924,12.910302700332977
VHL12180,23.53661534187586
VHL14683,9.69130144436258
VHL18920,8.274024491101045
VHL12024,1.6240146212467153
VHL13968,48.03398482757484
VHL11079,-10.930964057134133
VHL14355,-11.102660466332509
VHL11824,-8.611408601364474
VHL19942,3.150653019354195
VHL12917,28.334334518145624
VHL15326,41.019897959487935
VHL13585,-0.2334503301995028
VHL12069,6.262743078376843
VHL17056,19.263504890805507
VHL10515,11.574067366304462
VHL16435,-1.0439836506102438
VHL17564,-11.805682755969428
VHL18798,2.998594878326003
VHL10222,8.24968271631451
VHL17645,9.894509177326654
VHL10810,-3.0684394302224973
VHL14216,5.847151521667456
VHL13799,4.887051360340138
VHL19965,6.920751839586046
VHL18568,15.650658604115051
VHL17957,5.12353125627169
VHL11023,10.028053330408511
VHL17797,4.595971961292435
VHL16174,14.696954841132083
VHL15112,-0.28871649455868464
VHL10167,8.852669277158839
VHL18749,3.571316564625704
VHL16276,9.750311837837671
VHL15593,27.509962692264708
VHL18474,12.225464226200529
VHL13000,6.534480371571135
VHL10796,19.514854143386856
VHL16443,41.087916959110316
VHL13954,14.11845645634321
VHL12761,20.051997974084316
VHL17916,11.975424348265278
VHL13145,20.060214182321488
VHL19331,25.951806090852642
VHL15623,19.786378965835866
VHL13922,25.103881143154013
VHL11222,11.954630261051989
VHL15425,17.717937330763107
VHL19072,-2.258276990806735
VHL18649,14.255730860056701
VHL14730,-17.124660851630324
VHL12512,26.553775006091655
VHL18486,-11.974466536936234
VHL13182,15.883916143028728
VHL19735,13.045793522667736
VHL13370,30.381015140658747
VHL15038,26.835758681391326
VHL13034,12.728631961281735
VHL16581,21.83383005116366
VHL12113,21.029339647114284
VHL16914,19.983482657029526
VHL18231,20.533813889351677
VHL14192,6.585141437844868
VHL10404,5.434955758290471
VHL10084,15.498007768735988
VHL13855,29.714682315078335
VHL14027,0.21157417248059573
VHL16209,9.375231750356306
VHL11144,41.02893601133337
VHL18646,8.214258938174225
VHL16431,10.567158853759793
VHL16873,3.0523347428797933
VHL19594,15.668661519856869
VHL18630,10.504657764155127
VHL17288,10.041841263042443
VHL13113,14.083621903143921
VHL18865,21.998338593664357
VHL18260,8.744708352099224
VHL13198,0.6667207301925373
VHL11475,1.8929136197361913
VHL18584,23.86068143607463
VHL14768,31.531468736273382
VHL16073,7.805678149432879
VHL15742,8.681602446776196
VHL18879,-7.968192348672801
VHL12038,11.732895647998703
VHL19728,23.779572419332453
VHL17986,-12.100206438730766
VHL18819,-7.85584836924636
VHL12225,-12.702613842750907
VHL19157,10.473514651592268
VHL19615,8.99348782907191
VHL17175,4.379351726296136
VHL13050,20.86376949738269
VHL13123,-10.098008786076662
VHL16065,-8.019108111462629
VHL12484,-4.318531468450601
VHL11338,21.365956540138995
VHL17289,1.8291059378916543
VHL15447,1.3149698784000066
VHL18803,11.15478885071252
VHL18294,8.2592146060897
VHL15133,2.9564245810229295
VHL10657,0.7372689491517121
VHL10619,11.664764612849922
VHL17912,27.88094636202368
VHL18164,11.262866176305579
VHL14504,2.0225172249192838
VHL18885,15.565274913059056
VHL10118,12.423879325596772
VHL17852,6.7827330200402685
VHL18834,19.982439460378828
VHL11508,2.884566748420184
VHL17633,-2.492775184862694
VHL15893,10.050406282731274
VHL14089,27.62726160497641
VHL18800,38.46371829097234
VHL12314,-9.649541972521092
VHL18047,20.96318192709532
VHL11118,8.896028152748386
VHL17922,12.927926333050436
VHL17121,-5.766422049508947
VHL13960,10.783598065286697
VHL15350,14.742807442826233
VHL17939,7.001962831881428
VHL11888,7.575424707144521
VHL17044,3.903047916161995
VHL10290,33.967441695785965
VHL19497,19.62067154197439
VHL17807,18.149222198571806
VHL11467,48.26455367143353
VHL14703,27.467620951022127
VHL17518,7.908611408980505
VHL19578,-4.218593174857233
VHL10425,21.906969188647054
VHL11304,-7.578450937032358
VHL10086,12.21892938216024
VHL19512,0.07811806546078515
VHL13350,8.057428010026342
VHL12694,48.16213611267585
VHL12838,39.68856896157013
VHL16255,-9.545451880625023
VHL15196,26.6920242363949
VHL16844,17.65436742503016
VHL10977,13.981764384743656
VHL18145,14.982174545650196
VHL12297,-4.94308519171409
VHL15274,16.790694596712
VHL15478,19.809421736463264
VHL16940,1.1356470692685434
VHL14407,-5.272347807553615
VHL19544,13.675852594749813
VHL10519,31.940916497303988
VHL16928,-13.473230376734591
VHL11692,0.10137383774099362
VHL15180,12.324707874665364
VHL19040,6.038085504717856
VHL11628,7.220831320207253
VHL19845,1.4412044840296403
VHL16574,44.64342864898117
VHL14807,10.346641545155308
VHL11188,18.09896666542363
VHL18077,28.8220348404775
VHL14836,9.466146151634348
VHL13406,7.766682896577549
VHL18365,-12.180055256217202
VHL18328,-0.053301231163459306
VHL14695,1.5952791966274162
VHL12724,19.117134256339796
VHL10202,-0.26547008337729494
VHL12815,3.1463309099476646
VHL12630,12.709749946866395
VHL14283,23.541317971347326
VHL18698,3.9168528399809475
VHL10141,1.2258529128644113
VHL16204,12.487854670377146
VHL11310,21.291108219935722
VHL18878,10.339266508226501
VHL19310,16.685534825721334
VHL18219,9.440609673320978
VHL13108,10.448231992539604
VHL14070,29.261252163221798
VHL16891,-4.963426265950602
VHL10398,6.978347035647403
VHL12755,6.331734356171182
VHL12995,3.6784110900002815
VHL12158,2.3709639814210277
VHL17814,33.41185728960636
VHL15098,-16.76286818059134
VHL13066,24.298143063267617
VHL13362,4.400560576446878
VHL13443,-16.330053024765675
VHL18173,-5.357921799657561
VHL16277,26.20907028581587
VHL17380,6.011551366783806
VHL18129,5.705580211602864
VHL11891,-9.407224427680376
VHL11042,14.639445203871219
VHL16137,14.392818484454438
VHL13400,-6.936736748174553
VHL19399,22.37410532730246
VHL16723,2.841523013227743
VHL12416,20.05060552574423
VHL10350,-3.4595086084491413
VHL13811,-1.208684812818774
VHL13916,8.200840729428364
VHL11857,-8.122828066816055
VHL12040,1.5429885959579224
VHL10872,23.838210845382946
VHL14351,28.2983537738246
VHL18230,0.09951901989279577
VHL14851,35.21181945262333
VHL19426,8.333988652828793
VHL12795,14.09780561939533
VHL16882,27.44516485258282
VHL15924,10.233256772964523
VHL10807,-5.621479160057788
VHL10611,6.572415519203332
VHL15296,1.7113410232718707
VHL11333,7.256119910821326
VHL18616,7.029092270900492
VHL15633,-1.3431924167957732
VHL15157,3.0301397882617493
VHL16982,-13.698328138530087
VHL13879,33.45407235462244
VHL17585,12.357443131735181
VHL13116,5.074692717598282
VHL16982,2.7810549110022293
VHL18017,15.061247893540894
VHL19155,25.396429787711895
VHL19997,-2.04295334866174
VHL19660,15.883916143028728
VHL19990,13.160929370428676
VHL13582,6.486188141277125
VHL15998,21.387567577799928
VHL13285,-14.311893234741547
VHL16586,0.7229503704188573
VHL15120,6.1965833755321
VHL14954,15.209343581359917
VHL18066,-15.250878777477737
VHL13559,12.241320989327505
VHL14707,23.510681468419534
VHL12562,19.895433971211787
VHL15527,-3.2719264888037287
VHL12878,11.645124037852383
VHL12507,9.747939863026659
VHL14699,-11.262705853535408
VHL14730,22.739001640830793
VHL16614,8.912940938384054
VHL13024,16.224473598084842
VHL19915,16.170780271978856
VHL13101,-0.7051392505195508
VHL13052,4.230262157164816
VHL19820,45.93484843648366
VHL11562,10.683597169277164
VHL16424,13.631809486273596
VHL10876,21.740868898627923
VHL12199,12.113327394818953
VHL17320,13.969420849882226
VHL13599,-11.347174100462325
VHL15761,-0.6340342338721712
VHL12114,-1.3932782364690866
VHL14797,0.7329805146609942
VHL10360,29.092000288930194
VHL11344,28.703073702270103
VHL13709,-0.9502547430965933
VHL19962,17.404155534848087
VHL11021,-2.5207555783431417
VHL11988,9.976238190349704
VHL18459,2.802323631442505
VHL12547,18.55878755472895
VHL17688,24.363100055431005
VHL10267,12.516675437636877
VHL17363,25.095755403815474
VHL19946,16.309282938672368
VHL17698,15.759211676293035
VHL10234,-19.702285696484523
VHL13897,28.8096727504676
VHL13543,-2.0694265638003344
VHL11002,15.169220108095942
VHL19102,12.55226617164908
VHL17633,51.30851430899429
VHL18124,11.093528704631808
VHL16120,4.09582667480845
VHL19186,16.401821751800526
VHL18664,15.64760138946076
VHL17083,46.47551060614114
VHL13077,15.969216090910322
VHL17267,8.507065463208619
VHL18565,25.304054303903285
VHL13814,11.019959552559612
VHL18967,19.29289631878146
VHL13503,5.294242172768463
VHL13644,-6.440757921657223
VHL17079,-7.928514900214395
VHL15239,12.51100527491053
VHL17245,-8.234688813835419
VHL10153,50.709292983438445
VHL19693,13.475517744319859
VHL10773,3.2154851218401745
VHL11413,9.205093439485609
VHL10223,7.28317725181023
VHL18530,-8.361016375818053
VHL12551,13.230285958034528
VHL17602,5.597519124670271
VHL13375,21.761046359630654
VHL13337,29.092332994827302
VHL18551,28.19391541183313
VHL17882,4.357476084986047
VHL17761,6.030134629472286
VHL12646,-1.0579440640203757
VHL15219,12.779081775189297
VHL14365,16.001963144333786
VHL16915,2.530613246565281
VHL10906,-0.07685290308745607
VHL13513,-5.0815723272366995
VHL14542,14.903064443813037
VHL14200,10.467437433014311
VHL18013,21.131116969990217
VHL14772,9.922282382705816
VHL13641,18.095409363196268
VHL15001,-1.9884993761356782
VHL10409,2.9652929068615776
VHL12698,10.818108292089619
VHL14128,6.716728545814476
VHL10621,2.426646507370606
VHL13729,18.171279950486678
VHL16191,26.72810781824137
VHL11188,13.519216654983666
VHL14810,23.13369154864995
VHL16357,-48.925753110183905
VHL18353,6.268144934892916
VHL15843,-0.12575135933684578
VHL10210,-0.7354465621333475
VHL17457,9.600379418583543
VHL11022,15.778179981560243
VHL16541,0.542164063122982
VHL17647,-5.479914616277256
VHL11229,30.429680300508153
VHL17996,-1.5090269961719969
VHL17089,-1.0333140793372877
VHL19543,18.0833516607845
VHL19715,23.41410681650177
VHL17944,13.656247133792931
VHL16820,22.870068347353936
VHL14857,23.661316847333183
VHL17512,4.592951058778453
VHL16649,21.749826680596016
VHL14838,22.775405480969766
VHL14568,3.578337710743199
VHL17525,11.614781405752638
VHL16117,16.945434126533655
VHL13135,7.787738636852282
VHL19812,7.815419797524555
VHL17027,11.30017620604076
VHL14654,4.1363332606347285
VHL12420,10.379749469200306
VHL10360,15.214233634375432
VHL13629,18.31105565985581
VHL16737,19.56765480064405
VHL15446,14.623056261676993
VHL10946,0.08322073415502018
VHL13953,-17.31443402280911
VHL17303,26.61304670615209
VHL15447,-1.6914241325612238
VHL12854,12.209895072200652
VHL12567,4.625469362491458
VHL19137,4.040431728572457
VHL19411,9.822700718742453
VHL10923,-2.117910094851595
VHL17236,6.462294242092867
VHL19462,28.939145643476877
VHL13097,0.1680160630357932
VHL19969,5.697856999035139
VHL11860,5.221698698005184
VHL18943,7.12972079980409
VHL11672,17.57558425003026
VHL10815,9.770944802712165
VHL16245,10.873574874563474
VHL14969,23.685748537281597
VHL19652,6.037413418866436
VHL11330,7.656920206341965
VHL19827,19.28289925619265
VHL10484,-1.5041778034810704
VHL11394,-10.498768345625194
VHL18787,33.97257487396246
VHL11803,4.880628777010315
VHL12784,24.393229205762964
VHL17216,16.511854313222557
VHL10033,14.298147406206226
VHL11776,-26.650281628991706
VHL14947,12.268876205004744
VHL17522,7.102621951337369
VHL14197,-2.4242496956749164
VHL13071,-0.1586764512580885
VHL17406,-4.645541332279208
VHL12174,17.772580629713048
VHL12440,-1.8135341278662054
VHL12462,9.29361493420356
VHL12158,8.29800448001788
VHL14899,1.5692921584973192
VHL11281,20.34214541875008
VHL10913,19.779446794635078
VHL19630,3.9860228004763485
VHL19709,5.244294410324073
VHL14819,12.225265966521874
VHL15381,-7.509251487059828
VHL14781,-4.061094147122731
VHL18728,12.194255328389772
VHL16520,-7.213842780438881
VHL10643,43.094874870375406
VHL19438,25.067160723951474
VHL14103,-10.30000756966183
VHL19088,16.03779015875034
VHL15456,12.429841107174525
VHL16411,25.015319829088185
VHL19044,-6.830762272835727
VHL15194,23.949967894852307
VHL11490,11.285707631392597
VHL13904,5.903053442710188
VHL15148,20.5345905358281
VHL10918,12.86054895621146
VHL19119,25.673480695546914
VHL10313,11.871511280678533
VHL17176,34.53353793049746
VHL17166,4.269971881416495
VHL11166,-3.8478513457280314
VHL19144,15.211503377098325
VHL17259,37.357026436015076
VHL11965,24.134099597007662
VHL13791,6.314152613259921
VHL12309,15.72172753423547
VHL18687,-7.453883555166158
VHL10199,19.20585592826137
VHL18562,10.837911338626782
VHL14042,16.585985751199587
VHL19017,9.912880417788074
VHL18805,0.397605007864513
VHL18622,25.572089921073257
VHL14045,31.901470350811906
VHL17010,3.843836236395873
VHL16993,-2.601247954894461
VHL16050,3.9452657040123995
VHL16363,-4.277376437813928
VHL10287,-7.037153890477384
VHL19873,21.957396726105344
VHL15450,10.125479943580103
VHL14789,9.75421827677792
VHL14379,-6.042074889593096
VHL10911,5.376036280556946
VHL10449,21.446150354578094
VHL19705,21.746951005638948
VHL14766,16.54785526353953
VHL16203,19.031828917895382
VHL14855,5.11587403447902
VHL14661,51.53624674141702
VHL19859,-18.413922204816572
VHL14028,-6.524208152478423
VHL14991,-8.31882044305803
VHL15291,4.763297114542183
VHL16047,22.719395909592095
VHL12253,19.437210627530476
VHL10428,10.889507156250602
VHL15237,30.219746855426365
VHL16101,16.219575517986414
VHL16143,20.92735536905002
VHL10257,21.067180198548158
VHL16662,39.84717947133959
VHL19799,34.008544008489025
VHL14241,6.773741013815197
VHL17705,15.401447426664163
VHL17529,-6.322832537617614
VHL15191,4.026633289270194
VHL17451,8.978142276675953
VHL17879,10.994427864093268
VHL19264,12.077846506196693
VHL19009,26.738794836905527
VHL10568,4.224521569361514
VHL19545,15.652131988031215
VHL16822,10.060414469658554
VHL10957,26.207589155012556
VHL15607,3.3999791505384565
VHL12093,49.10477649077302
VHL19096,26.428334890832048
VHL18288,8.396821513046689
VHL11310,9.411585978902167
VHL19333,13.989194272887744
VHL13823,26.503356594650995
VHL19965,1.3775966048365262
VHL16917,8.340617787792326
VHL11177,-12.094560520495179
VHL16853,31.605874284099173
VHL18554,47.36715646383027
VHL18562,27.945049303423275
VHL10753,10.058036824072587
VHL16804,10.439192715423815
VHL18774,20.498414142187357
VHL15561,13.033208291677056
VHL12265,14.82609601942886
VHL10021,12.977685049073443
VHL18216,4.224521569361514
VHL18297,46.47551060614114
VHL15781,-0.19769623579986728
VHL12134,11.57789204446135
VHL12909,4.286559238690643
VHL19963,30.386683634553265
VHL16014,1.9735268437534614
VHL14675,8.354185219904139
VHL19999,-7.908326217311242
VHL15433,4.354594663350781
VHL12937,7.324686609996206
VHL11373,27.714775740266305
VHL17859,3.069957940079348
VHL10314,17.92772719405275
VHL18773,25.346012248782245
VHL16942,4.0111905201601985
VHL18334,1.7495350381818753
VHL17910,0.295034373321414
VHL18494,15.252328477485662
VHL12860,-3.3805487083018306
VHL10204,25.920174192986906
VHL19924,18.55694160516714
VHL13255,3.3143922372219095
VHL12057,20.783466438344476
VHL19296,23.36576573992079
VHL10104,13.694747450781051
VHL14185,13.882037024977762
VHL15914,-5.089710073234073
VHL11633,7.104834120257237
VHL10331,-10.55652480919889
VHL15981,10.57803392710548
VHL18376,10.67122613140964
VHL14890,9.567801832288751
VHL14283,25.41775337047875
VHL15877,-9.934521076164856
VHL10019,11.007173053934366
VHL10439,-0.5287138976896131
VHL18436,49.22373296831984
VHL11989,6.867509045341649
VHL19813,15.719482565557882
VHL15869,15.138320201643182
VHL13464,4.253012591276274
VHL14974,13.63292586803891
VHL13446,1.273673696408423
VHL11326,2.2564040055908663
VHL12561,-2.538012363767848
VHL12421,11.776385442002265
VHL15061,11.683674161125055
VHL16174,12.462233449457472
VHL14500,24.09302215771504
VHL16937,18.717436547505258
VHL13576,23.72576122149121
VHL12458,7.892978130800202
VHL11965,9.485829626505165
VHL11890,0.23241286366419445
VHL14930,4.144996655761133
VHL16445,15.07584046789134
VHL11308,26.066940208387223
VHL17652,18.160766932191564
VHL13004,26.64547654820717
VHL10262,19.657118447989433
VHL13111,-20.861770693886683
VHL13568,12.921484910670188
VHL12606,10.29118720178667
VHL15786,11.966632041126559
VHL11054,32.717780659357686
VHL15167,-2.000057888855281
VHL14716,45.437349087991606
VHL11763,8.015432175872775
VHL17885,17.829339190189785
VHL16048,20.17350499316217
VHL17032,7.562634267423164
VHL10344,14.616920874814696
VHL13463,5.27326417846507
VHL12903,7.938284594491961
VHL14551,31.350353054263906
VHL14763,11.15565217965468
VHL19270,16.391836765733387
VHL12817,22.486297670256135
VHL18354,6.006784540120407
VHL12185,-1.961696000712891
VHL14983,20.598442352216352
VHL15530,7.6616409974508315
VHL15827,15.318509164901116
VHL14886,29.704335194325267
VHL17643,7.791576851298032
VHL16987,13.43391084005998
VHL14294,23.803774884507675
VHL16175,29.953656053094164
VHL18639,3.9028552278537063
VHL13640,7.210563643414844
VHL17895,-4.663512323505984
VHL19307,-0.566888205486066
VHL19436,-15.795773939497849
VHL19809,22.148416938342507
VHL10638,-12.204020842172667
VHL13859,-3.6836157194379666
VHL11640,6.099159562345903
VHL13661,5.994924156760135
VHL15523,2.2478730407106013
VHL12838,18.205687969405062
VHL11312,17.909790464655543
VHL12699,16.92522023460333
VHL14640,-19.770756728406468
VHL17666,15.683148497900675
VHL14903,21.759215565540217
VHL13835,13.154289849928318
VHL15635,31.52266589408373
VHL19827,28.205675582786625
VHL14808,13.200571247732114
VHL16208,4.224521569361514
VHL18605,1.5722129448149644
VHL19751,19.850286537355714
VHL17664,24.549554521008304
VHL12588,16.302822619537892
VHL17702,22.79048916259262
VHL10842,9.296405442879859
VHL19609,28.34111823420153
VHL12767,-5.0789908312513035
VHL13680,17.701129666765155
VHL13507,0.3699150481211291
VHL16160,23.289260143157662
VHL13555,-24.41161560331284
VHL18088,12.118800069015833
VHL16428,9.528439164959764
VHL11278,-19.353668590273628
VHL17567,11.169537020861753
VHL16715,8.869952977078356
VHL15486,-0.26922046555500856
VHL10286,15.309314641752735
VHL13344,1.835693621970222
VHL17544,8.220908824431262
VHL12579,21.0599637315745
VHL19966,6.953964913395794
VHL12989,-9.18424187022265
VHL18968,22.17712152425247
VHL16423,16.777692604049207
VHL15852,30.707969083789976
VHL16298,18.532103983282013
VHL13399,-11.736926831937126
VHL11381,36.88408834943948
VHL18329,41.220265374789506
VHL13335,2.517071399771339
VHL11885,10.590112105994649
VHL19284,17.02609760445648
VHL12612,18.181440995733283
VHL15522,18.25011350208706
VHL16059,14.341532799741799
VHL10388,25.68564932784966
VHL10025,20.926378564173774
VHL14629,4.36439581820423
VHL10790,-3.9272978207441156
VHL17966,23.12355226204363
VHL12843,19.012698639516657
VHL11996,-4.3994833268207
VHL15688,5.083176900931903
VHL13110,13.535979655306164
VHL19865,27.157942357318916
VHL13379,-1.6352269241592694
VHL18639,12.633568348832796
VHL16928,17.43359413263215
VHL11725,42.19799163401831
VHL11355,10.1422640579799
VHL17560,16.23206032441385
VHL11885,10.354578589606263
VHL12995,26.019088251272933
VHL11751,0.2512419912095538
VHL14633,28.032593686260498
VHL16853,3.526481241721285
VHL14501,17.645775354871148
VHL13938,13.453568591914973
VHL12329,-8.005990166563606
VHL10067,12.251707460185116
VHL19818,8.776608587304054
VHL12785,4.084543196934646
VHL13874,6.14772418559005
VHL18142,24.697952693443312
VHL14855,18.13654118661634
VHL12147,31.35682962123019
VHL15256,28.290136415541383
VHL13751,23.877383237264894
VHL17863,4.253012591276274
VHL13981,15.596242622589216
VHL18916,0.45273243829478815
VHL19492,14.820097450366575
VHL16004,41.07305890042062
VHL15913,-19.52505576223075
VHL16871,21.37329082089218
VHL11388,3.6784110900002815
VHL15019,-12.055785732078675
VHL11934,-7.758100455889689
VHL19784,3.062939985916728
VHL12593,11.489264458681646
VHL15836,25.681284976755705
VHL17034,3.154005165055878
VHL14607,17.173686993456613
VHL17105,17.40124266769226
VHL18773,7.841301248835862
VHL12684,32.93165119140804
VHL17154,8.359761163153053
VHL10849,9.992717972050286
VHL12067,12.080789676517725
VHL14247,5.58988806856587
VHL18581,9.579551753767646
VHL18516,11.098671538636609
VHL17684,-6.04851803503152
VHL17215,-4.431467453728146
VHL15232,21.7542157567068
VHL19310,21.16958179932226
VHL12120,13.281817252862766
VHL15455,29.00300337280214
VHL10132,5.467474618013512
VHL12356,29.487697921426843
VHL16995,32.32743292182886
VHL15752,21.673115021964804
VHL12151,13.57406142403488
VHL11902,49.75921968248622
VHL17808,1.9127259428119032
VHL17592,-2.036499871050637
VHL16636,20.655199189194718
VHL11497,15.502543409134432
VHL17774,24.591080983114352
VHL15919,-1.868251456388407
VHL15172,-9.903262358192478
VHL11820,-5.687846654617715
VHL13093,26.070912666471486
VHL17445,20.514601241192395
VHL18989,0.16538540019473658
VHL10713,-6.009451523265852
VHL14240,-6.157461434873767
VHL13501,3.612049060848676
VHL18215,26.170604303049913
VHL14878,36.5773027824639
VHL19143,-0.11297967343671189
VHL10173,26.227705359136507
VHL16962,16.498286881110744
VHL15384,5.507385845045519
VHL13844,14.037029734592124
VHL11998,0.3734509075393362
VHL10444,2.5304546425631997
VHL19655,17.829339190189785
VHL18921,11.221539012604353
VHL11774,24.85515043516216
VHL15490,-17.625826611130833
VHL18694,21.21397542979321
VHL10360,10.2895342597958
VHL18707,10.937101624404022
VHL15801,14.41177340312015
VHL17931,28.944368757148823
VHL16716,27.56390200561009
VHL11290,2.3771441558769766
VHL18180,8.949248964254366
VHL19935,1.2027010356182473
VHL16593,8.625735176204671
VHL17349,-8.865020698679018
VHL18705,12.941315967224
VHL18527,9.776192304313554
VHL18577,5.1382068510843055
VHL15369,21.00888231974932
VHL16140,14.298621943741182
VHL11458,0.520871040163911
VHL13652,1.2205930252525832
VHL13470,26.49272156158804
VHL17609,18.59291845499365
VHL16953,-12.95505065067755
VHL19670,32.19722576037657
VHL16517,-6.3597751367938145
VHL12631,20.779050486243705
VHL14338,-21.774055392899754
VHL13224,1.186877563478447
VHL19157,10.638573820034253
VHL10266,-8.382183902031102
VHL11597,18.940098423491236
VHL16219,28.14242598839064
VHL12828,7.567959495816467
VHL10364,10.38879038440291
VHL11875,38.732326021778135
VHL10185,1.5686270129776858
VHL12097,17.74728923733528
VHL17691,-17.21431697882963
VHL15092,-3.61146280071398
VHL11628,23.453905818731073
VHL13662,1.121850676633585
VHL11486,4.186435365136276
VHL18373,15.995459806903455
VHL16605,35.079056163823225
VHL14670,24.829417238926453
VHL19579,-5.6016300068781675
VHL15504,1.4807151518753017
VHL18831,-2.1181919725954685
VHL19404,6.220083466285814
VHL11218,14.402353195352134
VHL13869,48.58203111922785
VHL19846,16.064145540791742
VHL11677,11.103275891287922
VHL17416,-6.302599994182401
VHL13175,2.2731007028314707
VHL17965,17.27385820812424
VHL19048,8.470451625969417
VHL18117,-1.2916731582831744
VHL16742,22.716695067806995
VHL10339,9.765694130522661
VHL14079,7.89446254116865
VHL17034,12.583343322611654
VHL15903,0.4778276588799599
VHL14643,21.444670167128606
VHL19176,11.87149945519377
VHL16293,15.658602281019284
VHL16573,3.3104769940678125
VHL10615,5.99130315594266
VHL10834,20.85195607666583
VHL13200,16.196039949292754
VHL18949,25.671859595250226
VHL14402,-5.140527291992385
VHL16439,10.363669948797906
VHL14135,23.798114675507804
VHL10015,-16.530569725267014
VHL10388,-3.8715251701678426
VHL17226,18.926837348410118
VHL16884,44.45541782245709
VHL18216,4.630170122989966
VHL19751,6.058158350512258
VHL11071,10.119009650592034
VHL16489,22.818306003449834
VHL12578,26.545416506708534
VHL10582,24.28304453901137
VHL19617,36.1827557931706
VHL14437,22.42806220056218
VHL11749,3.4091333200331064
VHL18131,22.15473586197595
VHL16700,17.750275062617675
VHL14166,25.346012248782245
VHL19100,-0.4148678263745751
VHL11100,16.438147712284717
VHL17954,26.95009264590999
VHL15065,21.23220722314909
VHL14908,29.256547067070187
VHL11925,21.86811457616568
VHL12725,49.32165965394279
VHL17558,6.087610516573022
VHL12989,15.452149375427325
VHL11734,24.472214292846274
VHL15324,18.190618412232652
VHL19720,8.949534063157444
VHL17274,-22.041895749171545
VHL10206,19.00299965376871
VHL18355,15.447950881487941
VHL16634,3.677896954819971
VHL15037,0.9444786869821655
VHL19446,19.593489833195235
VHL11255,6.094282576589649
VHL18968,18.38665699154626
VHL17262,4.19950678609257
VHL19635,16.42628350781115
VHL13636,5.059867966626825
VHL14827,24.4317309147159
VHL13630,13.859917767587831
VHL18929,5.39671915776853
VHL18493,33.39375578380259
VHL11970,23.323612211421732
VHL18557,3.3368306396391745
VHL16603,21.890966013135767
VHL10144,4.117014077545264
VHL19283,-4.516465984796923
VHL14957,12.81739293160308
VHL14521,-17.31796347827776
VHL14631,13.792343757021627
VHL10741,7.570494080240223
VHL18773,4.230318074667139
VHL15546,9.506134130546343
VHL18796,16.037461947567408
VHL16777,17.29680191189709
VHL12667,-7.79538714119326
VHL11806,15.052989426184467
VHL16241,-17.54768620434288
VHL11602,19.851875158835355
VHL10361,10.78854540466773
VHL11563,0.6076344005246028
VHL18781,12.820317846511443
VHL11605,-11.289455186696614
VHL17566,5.98335245739645
VHL14925,15.187357557622363
VHL17378,28.048385700294602
VHL13933,4.423361172307523
VHL15621,17.96501351130837
VHL11212,19.005702625783215
VHL17047,-6.45531309345688
VHL18495,12.638669907497388
VHL11789,29.13080740180976
VHL18812,-14.25421394246223
VHL12003,15.98948380274851
VHL17763,12.148668867580454
VHL10234,-0.8413665921716529
VHL11820,21.299374359803096
VHL15612,9.13162353288999
VHL16969,9.19959128802293
VHL15883,33.80668155192825
VHL16910,16.259894151185108
VHL15537,35.269371393053916
VHL19483,11.238484735311886
VHL19061,48.48200726362438
VHL10122,50.81347326012474
VHL18413,12.20558909169722
VHL19153,8.37272747607949
VHL16118,9.895028769460168
VHL11390,13.04853676281391
VHL15701,-11.821939592209219
VHL12322,34.00492633890235
VHL18493,29.450119592599094
VHL18230,8.88009913218957
VHL10567,1.1585351264161545
VHL16862,5.164449064098335
VHL12040,21.910969848425793
VHL13506,15.46101569231223
VHL13379,22.50776608606793
VHL16540,8.280386070628992
VHL14882,6.024450574352613
VHL16979,8.86477502194748
VHL17108,5.025166563652419
VHL19862,3.750474711352581
VHL19541,-6.6497621529051685
VHL16650,10.732228551203661
VHL18976,23.022389200765247
VHL15984,12.578609449341002
VHL13017,16.401097589944584
VHL12807,18.40686631018616
VHL16571,2.1062562933916524
VHL18496,2.4244626371205413
VHL19085,1.860668510418236
VHL15655,23.01058836993343
VHL10274,15.449471352056207
VHL17927,23.587012312770185
VHL14169,3.3835307553435996
VHL10088,22.124363553432886
VHL19133,-7.520483889118623
VHL10124,-8.44179293221623
VHL17800,44.66907109567228
VHL12549,4.883425498885572
VHL10900,14.021812599466557
VHL16654,-9.210462319151247
VHL15178,12.805477525392234
VHL10370,23.975229892052084
VHL19083,-1.7995222041972738
VHL10667,48.05775363224848
VHL11177,4.35205669828747
VHL19621,9.600153297228644
VHL19834,11.528213267956744
VHL18831,-12.881231066591681
VHL16058,16.731551473454147
VHL15327,8.353640329065911
VHL10566,2.5066615123350857
VHL15911,12.057527266015313
VHL18703,9.072418687369463
VHL19494,9.097615875084557
VHL16292,33.27527456468579
VHL12417,12.177946371702546
VHL16694,18.95403326216592
VHL16876,23.555709789487082
VHL10394,-2.9962205662523047
VHL18192,-10.062075870255285
VHL18989,-1.973276959022769
VHL15531,6.654217956314824
VHL19945,12.64716103036244
VHL15352,15.23342135753228
VHL10470,10.043852006516772
VHL12910,34.67446883038747
VHL19260,18.08807849249297
VHL18747,24.848831609121135
VHL10865,22.32074155782402
VHL10512,27.265923011580526
VHL19176,-4.632803882353983
VHL18494,1.3060926124053367
VHL14953,3.7268298982453416
VHL18146,17.49321166835898
VHL10753,16.321684112912408
VHL13266,22.50699913723838
VHL18142,24.485586832536683
VHL12499,3.6784110900002815
VHL11132,10.038350338750206
VHL16161,-24.354379939848513
VHL16332,7.926357851240937
VHL11947,47.97276777632851
VHL15516,14.904169196513976
VHL15620,49.41176953466493
VHL11334,13.809792938331611
VHL14676,12.748807761004628
VHL18063,-12.1690532887078
VHL11305,21.36969308871585
VHL17190,-13.768705969884195
VHL19509,10.601631778779847
VHL13065,11.212409985340855
VHL16948,2.4824720925989823
VHL18753,-0.3884111893989939
VHL13306,-11.328093571495629
VHL11296,-10.863256616255967
VHL14799,25.60411471148018
VHL16629,45.06878893945168
VHL12469,-1.219806870514276
VHL14725,-2.78976386454724
VHL15360,-15.162652953326415
VHL12472,-12.726121923512892
VHL17694,5.2603235924889304
VHL19367,-4.142871203562208
VHL13921,19.065747498174915
VHL18424,-7.208679642332754
VHL13215,14.747895803583106
VHL19720,12.12365408431151
VHL19474,5.793674100223143
VHL14718,1.860308775203066
VHL13614,14.933734765439567
VHL15761,-23.625616534282017
VHL15481,-5.014615300240621
VHL10583,-6.716677528881064
VHL10999,10.21977161639552
VHL11387,-8.185548362312147
VHL17201,14.24621025268334
VHL11541,30.51055978067143
VHL11491,9.077353804442737
VHL13571,-12.468127181973614
VHL17798,21.208855018781378
VHL11615,-15.591396248571982
VHL17412,13.71752071400033
VHL17680,44.76040825658629
VHL13091,30.329252796754645
VHL13434,-3.5065828944716486
VHL15052,11.056447908858445
VHL11742,9.93368291388606
VHL11925,10.676749786643086
VHL12016,17.350770758742783
VHL17513,6.031569667533859
VHL10564,-18.43256096916639
VHL14087,-21.063417960043353
VHL18246,20.03758917582809
VHL10468,25.585607054425054
VHL18823,4.149900692746542
VHL10264,24.001696100472145
VHL15285,16.465303706050236
VHL16403,44.750043434536565
VHL14260,30.630160306482594
VHL16390,-2.6566199433536895
VHL14383,-0.46155604619207224
VHL12924,12.75600555156143
VHL16793,-12.252212680205957
VHL19286,-1.1738046751147522
VHL11692,37.345775868903274
VHL19565,-2.715586049634112
VHL12271,10.68291188436524
VHL16387,5.607468407452416
VHL10067,-9.576222901630445
VHL11055,31.062300517479343
VHL16282,6.934676085028059
VHL10373,4.413738070100862
VHL13130,15.315676752653417
VHL14791,6.916708765454587
VHL17669,51.251428064674656
VHL10245,11.232486915943355
VHL13394,1.0130702287856366
VHL13369,15.261719646766778
VHL12230,22.24672196728943
VHL15024,-16.44115862875833
VHL15401,17.7948066704339
VHL17830,12.148668867580454
VHL16594,-3.242477641801088
VHL13400,17.260747453071872
VHL13413,2.8440787662193543
VHL11338,19.832930420217963
VHL12928,17.47202903670859
VHL14141,25.902283339190944
VHL13196,45.053451392169336
VHL17193,17.30261317441864
VHL13848,17.859016351142145
VHL15690,15.061247893540894
VHL14292,14.99227426693551
VHL10249,42.72134756947389
VHL16684,-3.1210772628073755
VHL13663,-2.245384131562787
VHL16780,25.753486488408726
VHL15195,20.487999978361586
VHL19709,-14.692080232193348
VHL16300,13.559446546117215
VHL18402,3.472328429690606
VHL10408,27.119745354951192
VHL17856,15.296966853279173
VHL12909,23.552062136360746
VHL17579,23.524748529320277
VHL14360,8.302071268785767
VHL16170,22.61407345384805
VHL11625,17.293667357160757
VHL10141,-2.373702392811083
VHL13372,-24.427425822763325
VHL10702,17.88608983512995
VHL10168,13.400772093487376
VHL17506,21.43163593160989
VHL19811,18.308737922419823
VHL18898,-13.894622335948952
VHL14976,14.638465148525029
VHL19528,20.825938611334095
VHL14747,-5.6598788148448875
VHL12298,7.724920200441829
VHL12897,49.29577848199051
VHL14501,-2.457834886243745
VHL19230,25.907032292947406
VHL17122,5.744135579786871
VHL13093,8.963869761822934
VHL13713,4.454932770313462
VHL10827,11.761329480174936
VHL14671,5.752138567504971
VHL19953,-12.531475011264774
VHL14674,22.376332855469173
VHL19651,13.888217878784417
VHL14860,29.757425517787397
VHL15452,13.73811140261023
VHL11031,-0.020357511772544967
VHL16763,9.970158507778251
VHL13764,26.09807412808277
VHL12562,9.181303506756649
VHL11827,-12.30273489720139
VHL13929,23.797628580303808
VHL10039,28.423312986218207
VHL15009,26.490251323335997
VHL13821,13.760294666935351
VHL14348,-4.727100349797183
VHL16840,15.555645546721735
VHL12002,10.686774333242283
VHL10237,-8.48735904936484
VHL18738,0.1617662485477922
VHL10568,17.853432991360023
VHL19355,-3.927544518407558
VHL16226,21.593709595105793
VHL16719,-0.36521995217708536
VHL14548,2.2467470572601087
VHL16912,27.916699900899857
VHL19505,26.23392157820581
VHL16442,-9.603299508981763
VHL16825,5.245783590159135
VHL12658,26.836052180814477
VHL12481,25.41927292287528
VHL18658,25.135722068929226
VHL15493,-2.6800131011391386
VHL12577,34.643337608835736
VHL13844,8.891491035086801
VHL12544,-1.0791526155608153
VHL14450,15.493457077240691
VHL16818,5.135066011565414
VHL18694,10.678569028782476
VHL13597,47.39415838537161
VHL15898,9.163526061524408
VHL18680,3.5830357656277556
VHL12465,24.823816342906866
VHL12148,-5.728815765242416
VHL19876,3.8117554920331713
VHL19612,17.527967588106094
VHL18169,32.26146093877105
VHL13267,6.293183757798943
VHL14640,3.9580012962737783
VHL15593,17.472688476178973
VHL16387,31.011170559168477
VHL13148,16.772078048870753
VHL11142,1.7837222984639993
VHL18659,1.7641577418730776
VHL13899,8.081242800987184
VHL18985,9.909541204025118
VHL17250,2.505992359919219
VHL17539,6.414391045171669
VHL18609,6.309214077425622
VHL11948,-3.3325464889353498
VHL11525,7.12844657624828
VHL12806,20.011202319803488
VHL19564,23.51421798960473
VHL19054,18.883580119092585
VHL18679,3.0341955215480994
VHL19665,9.34955506449569
VHL12463,2.228111035940856
VHL10753,-9.666501009411604
VHL11312,14.736389913625317
VHL12620,-4.562262730113616
VHL17592,-9.714955903945793
VHL11746,6.044889833898196
VHL14332,-10.350812930406391
VHL19959,4.997962673583515
VHL16741,1.5614823266432722
VHL10763,9.972320090912035
VHL17541,5.917093738876247
VHL11701,30.84869553858198
VHL10194,6.7680987221456235
VHL13479,22.820555543476985
VHL15975,0.4686560629793348
VHL10231,8.104752089501744
VHL18446,-2.371197063877844
VHL19365,30.947498105046634
VHL12815,6.344646508796359
VHL17210,15.055559701592756
VHL14273,-0.5118159246476353
VHL16001,8.270729417416533
VHL17232,27.104838917006873
VHL17877,0.7528932255545442
VHL13772,8.981496640953537
VHL14502,1.091356014861958
VHL12140,6.4161034327585185
VHL12267,23.470144748479015
VHL18736,21.99066993744009
VHL17988,21.419415291826226
VHL11233,-54.14507449002167
VHL18205,5.380928769668117
VHL17229,6.083376421093362
VHL12503,14.140208852706564
VHL16555,25.028367399374474
VHL11608,7.683620096663617
VHL13099,26.731734533931103
VHL10464,8.880249926522993
VHL13660,1.3968351508433443
VHL15246,15.522927959900699
VHL18351,12.324707874665364
VHL14567,8.680621273051656
VHL18076,-8.184047147583897
VHL15135,0.6015586728549351
VHL14661,27.117729559218787
VHL13468,18.04861138023307
VHL18899,10.85022517545849
VHL10051,-4.108979487891247
VHL12127,-0.362110722250236
VHL12196,2.9618521393881565
VHL17014,12.212604596684741
VHL11559,-21.033135870856313
VHL10059,28.664935746883657
VHL15739,6.086349071029872
VHL14808,-3.8262362158193355
VHL15611,15.227659817041058
VHL14636,49.033202819978214
VHL11570,-0.09538894356091987
VHL16463,11.117991911386525
VHL16394,19.06341445986618
VHL13693,11.073821983847665
VHL12291,4.662745653193724
VHL15561,-4.741441301080613
VHL19493,35.60792428464538
VHL12756,15.150531726375903
VHL10950,4.416512510300436
VHL16866,-6.591119310637623
VHL12609,24.47641155517158
VHL12574,3.2120752871369405
VHL17135,-8.409601346025283
VHL13752,19.43756151110074
VHL13546,17.807966229582235
VHL11097,7.896349637680032
VHL18181,6.044889833898196
VHL10940,10.50297627481541
VHL16905,8.456650431414346
VHL19185,11.699134093718385
VHL10923,18.93890710447249
VHL18309,-2.573117242915032
VHL19349,5.7831883917956475
VHL13590,6.1116034874016805
VHL20000,-3.7689700692208135
VHL12384,15.567026005234766
VHL13167,18.091526915672603
VHL18928,0.16609789903031924
VHL11333,8.671826885833525
VHL18531,-22.575832899040506
VHL19725,-13.087786702767971
VHL13535,16.63793560636168
VHL15299,28.492153686328493
VHL19132,30.299100928077678
VHL19736,30.138168864476484
VHL11914,16.814853164906708
VHL14981,22.817945693514503
VHL11507,-11.65325493480941
VHL18768,4.405700761366461
VHL13208,7.9882598667245475
VHL17200,20.019613633681274
VHL19398,19.543749104897415
VHL10666,27.26673705750727
VHL12919,26.442017021727224
VHL17972,14.606468878648684
VHL10315,15.52511968961926
VHL13868,1.2754817554209694
VHL16268,21.749826680596016
VHL15979,11.33636097891349
VHL14334,5.062199484705616
VHL19984,8.633404144198721
VHL15905,19.622555740327698
VHL14849,4.224521569361514
VHL10077,-4.201993117671918
VHL12763,24.62721692570858
VHL13814,-2.1076751413961574
VHL18236,8.397497049503272
VHL18380,0.6584407175041633
VHL11075,-0.9977656680298423
VHL10482,21.963086600948827
VHL10117,9.721126264723807
VHL13673,-6.934412325189442
VHL17221,33.957527649514304
VHL11240,11.878956484788887
VHL12562,-1.3715929040340598
VHL13799,19.017311462396265
VHL13466,32.27049936897993
VHL14698,3.6365520409376586
VHL15372,5.231065752590439
VHL13032,2.845956995337019
VHL13600,7.038670434833421
VHL17335,7.165869660059798
VHL15519,11.07674391890805
VHL19609,-4.653361501961626
VHL12581,13.756653674496647
VHL18738,-1.476464573582689
VHL15107,-9.282039835822161
VHL16177,21.580344488247192
VHL11709,10.657862739413304
VHL14469,4.9168429190813185
VHL13687,16.507208340900434
VHL16412,21.977746410971122
VHL14864,44.34630950535211
VHL15725,24.506648788811162
VHL17141,7.963395272527578
VHL10991,13.891808001482786
VHL10678,-10.245165575110605
VHL13889,11.238845045247672
VHL17084,22.525323493920496
VHL15443,-3.8664153436261586
VHL10783,3.37490861434253
VHL19744,-0.28235763412749293
VHL18331,16.213828668199767
VHL16307,1.109190159292666
VHL18003,7.982219134238676
VHL10838,17.70953107376772
VHL13320,49.46614515281817
VHL19953,-9.96588118319778
VHL19152,-4.083746349102057
VHL15913,49.32165965394279
VHL15341,7.0522008351108525
VHL14269,2.5275063046119612
VHL10263,28.564944027898036
VHL10559,3.8254985463408957
VHL17221,10.691857089432688
VHL12379,28.617435952446158
VHL18253,-12.648005934036973
VHL11172,8.002685000820293
VHL17213,46.86395930889012
VHL18445,23.25090709236747
VHL10808,24.492031131409476
VHL13851,15.836570751276668
VHL18936,-1.2746821099131012
VHL17750,-4.680419975759378
VHL14279,13.029495102636247
VHL17407,-7.228300760155889
VHL17737,21.898779774858212
VHL11196,6.776626296500581
VHL10773,3.3540317994065845
VHL12028,30.116667952454463
VHL19833,-6.927942032201372
VHL13566,4.412715211056366
VHL18282,-4.052693373832881
VHL11015,-12.7894857892461
VHL16696,19.678203454388495
VHL13980,-12.648005934036973
VHL18337,24.582318628338726
VHL11330,16.244917882478603
VHL14873,14.068302425390357
VHL15435,-0.09183956277320249
VHL13861,23.64301054132693
VHL12073,8.53042554105241
VHL15320,15.133203217449136
VHL17850,8.731004623681656
VHL16757,12.913619167963589
VHL15181,-15.780181006527073
VHL14613,-3.3657643425585775
VHL17238,-6.399974110628591
VHL12083,13.392104386060964
VHL16344,14.552331445563595
VHL19413,13.29917352523944
VHL17430,10.660391916822846
VHL14996,15.272162945265336
VHL13423,-13.443252686344294
VHL13162,33.73607937947645
VHL14672,4.045082376299888
VHL12020,9.457514685687329
VHL16103,6.413762735733144
VHL10650,10.174754798504182
VHL15234,9.388327760353604
VHL11305,20.578429861574477
VHL18180,16.741734000322595
VHL17458,-12.248106325034769
VHL15835,8.3035652869753
VHL17211,1.235021461002816
VHL17209,4.986392140763655
VHL18693,6.187804969857552
VHL18975,16.5995531833114
VHL18976,12.093552207487392
VHL15391,7.257900607607553
VHL13071,41.253193455594555
VHL19241,17.591594362115302
VHL14944,12.716477041022245
VHL19128,23.022389200765247
VHL18577,-14.537806194268342
VHL15429,-0.8874092693708917
VHL12217,19.417217925042678
VHL15705,23.77850212643034
VHL19888,6.687576018758591
VHL11906,18.705418374960118
VHL15757,27.286574897025275
VHL11938,21.968926066204858
VHL10969,-5.3236264803013
VHL11777,48.88766511199856
VHL16275,17.74933054633584
VHL14235,2.704595309823162
VHL10496,41.51011718648306
VHL18481,6.481979953708105
VHL17185,2.041619490530593
VHL15960,8.021382571148933
VHL11313,20.59626905539608
VHL11288,20.53477565478579
VHL12337,23.774193518021093
VHL14268,-10.257744948045456
VHL10015,25.9541685021818
VHL16136,12.41902670861873
VHL17903,30.98700970683558
VHL14018,17.687491717508237
VHL17473,21.202955300179383
VHL11480,19.619122640200658
VHL13881,13.440910750204694
